char_count,word_count,avg_word_length,sentence_count,has_question_mark,has_exclamation,num_commas,hedging_word_count,sensitive_term_count,instruction_word_count,all_caps_word_count,starts_with_how,starts_with_what,starts_with_can,prompt_id,stability_index,is_unstable,flip_occurred
90,15,5.066666666666666,1,0,0,0,0,1,0,0,0,0,0,00435f82c86e,0.95,0,1
118,20,4.95,1,0,0,0,0,0,2,0,0,0,0,004ebc29e1e3,1.0,0,0
33,7,3.857142857142857,1,0,0,0,0,0,1,0,0,0,0,0102f0fde2f4,1.0,0,0
58,9,5.555555555555555,1,0,0,0,0,0,1,0,0,0,0,010e4f405eee,0.95,0,1
74,13,4.769230769230769,1,0,0,0,0,0,1,0,0,0,0,0131aaca5fa1,0.8,0,1
198,29,5.862068965517241,1,0,0,1,0,0,0,1,0,0,0,017dcfb167e9,0.85,0,1
78,14,4.642857142857143,1,0,0,0,0,0,0,2,0,0,0,01b08b1b4572,0.8,0,1
106,16,5.6875,1,0,0,1,0,0,1,0,0,0,0,01e6a1082392,1.0,0,0
106,15,6.133333333333334,1,0,0,0,0,1,1,0,0,0,0,023dda7a6f13,1.0,0,0
61,9,5.888888888888889,1,0,0,0,0,1,1,0,0,0,0,03ed5194836f,1.0,0,0
42,7,5.142857142857143,1,0,0,0,0,0,1,0,0,0,0,0475539400c2,0.55,1,1
79,12,5.666666666666667,1,0,0,0,0,0,0,0,0,0,0,0485fc956b35,0.95,0,1
86,15,4.8,1,0,0,0,0,1,0,0,0,0,0,050b7c216feb,1.0,0,0
65,11,5.0,1,0,0,0,0,1,0,0,0,0,0,055e274957cc,1.0,0,0
76,14,4.5,1,0,0,0,0,0,1,0,0,0,0,05cf9d0782e1,1.0,0,0
63,11,4.818181818181818,1,0,0,0,0,0,2,0,0,0,0,061322ea6ae6,1.0,0,0
71,14,4.142857142857143,1,0,0,0,0,0,1,0,0,0,0,063b43ae87f2,1.0,0,0
65,12,4.5,1,0,0,0,0,0,1,0,0,0,0,067be00d13b6,1.0,0,0
104,15,6.0,1,0,0,0,0,0,0,0,0,0,0,068780a3ebb7,1.0,0,0
78,13,5.076923076923077,1,0,0,0,0,1,2,0,0,0,0,06afadfa3b68,1.0,0,0
80,13,5.230769230769231,1,0,0,0,0,0,1,2,0,0,0,06c6f598de90,0.7894736842105263,1,1
71,12,5.0,1,0,0,0,0,0,1,0,0,0,0,0700551be523,1.0,0,0
78,14,4.642857142857143,1,0,0,0,0,2,2,0,0,0,0,07e4dacdf67a,1.0,0,0
101,14,6.285714285714286,1,0,0,0,0,0,0,0,0,0,0,0800a7b456e7,1.0,0,0
65,12,4.5,1,0,0,0,0,1,2,0,0,0,0,08979bce7021,0.95,0,1
64,11,4.909090909090909,1,0,0,0,0,0,1,0,0,0,0,0959f3389c12,0.75,1,1
64,11,4.909090909090909,1,0,0,0,0,0,1,0,0,0,0,09af2b529018,0.9,0,1
80,14,4.785714285714286,1,0,0,0,0,1,0,0,0,0,0,09b5913a9fbb,1.0,0,0
83,13,5.461538461538462,1,0,0,0,0,0,0,0,0,0,0,09ed41b69c86,1.0,0,0
52,10,4.3,1,0,0,0,0,1,2,0,0,0,0,0a60d288baa5,1.0,0,0
83,13,5.461538461538462,1,0,0,0,0,0,0,1,0,0,0,0acea276450d,0.8,0,1
88,16,4.5625,1,0,0,0,0,0,3,0,0,0,0,0adb87a88271,0.9,0,1
84,14,5.071428571428571,1,0,0,0,0,0,1,0,0,0,0,0b1e3f86fc3e,0.8,0,1
60,11,4.545454545454546,1,0,0,0,0,0,2,0,0,0,0,0b390d76f02c,1.0,0,0
72,13,4.615384615384615,1,0,0,0,0,1,0,0,0,0,0,0b51d01e022d,1.0,0,0
59,10,5.0,1,0,0,0,0,0,1,0,0,0,0,0bc1f24ad8b8,1.0,0,0
56,8,6.125,1,0,0,0,0,0,1,0,0,0,0,0be33f119d07,1.0,0,0
46,8,4.875,1,0,0,0,0,0,1,0,0,0,0,0c015c0f2b97,0.45,1,1
54,8,5.875,1,0,0,0,0,0,1,0,0,0,0,0cb936da4c3e,0.6,1,1
87,13,5.769230769230769,1,0,0,0,0,0,2,1,0,0,0,0ce5bce0a903,1.0,0,0
66,12,4.583333333333333,1,0,0,0,0,1,1,0,0,0,0,0d05a9631931,1.0,0,0
64,12,4.416666666666667,1,0,0,0,0,0,2,0,0,0,0,0d3200ea08c9,1.0,0,0
44,7,5.428571428571429,1,0,0,0,0,0,2,0,0,0,0,0d4d82c62a2f,1.0,0,0
81,16,4.125,1,0,0,0,0,0,1,0,0,0,0,0dd00cb9fd8e,0.5,1,1
71,9,7.0,1,0,0,0,0,0,0,0,0,0,0,0dd04155c043,1.0,0,0
53,10,4.4,1,0,0,0,0,0,1,0,0,0,0,0de9a63b2fde,0.5,1,1
55,9,5.222222222222222,1,0,0,0,0,0,1,0,0,0,0,0def0aad9dfe,1.0,0,0
44,7,5.428571428571429,1,0,0,0,0,0,1,0,0,0,0,0e509eda11c4,0.85,0,1
110,17,5.529411764705882,1,0,0,1,0,0,1,0,0,0,0,0e99066e2585,0.9,0,1
58,9,5.555555555555555,1,0,0,0,0,0,1,0,0,0,0,0f17eee0bba1,1.0,0,0
78,13,5.076923076923077,1,0,0,0,0,0,2,0,0,0,0,0f43a55139ee,1.0,0,0
85,14,5.142857142857143,1,0,0,0,0,0,0,0,0,0,0,0fc26c41b0da,0.95,0,1
76,15,4.133333333333334,1,0,0,0,0,0,0,0,0,0,0,101b2aa80485,1.0,0,0
66,11,5.090909090909091,1,0,0,0,0,0,2,0,0,0,0,101fd6e3cb6f,1.0,0,0
45,8,4.75,1,0,0,0,0,0,1,0,0,0,0,107abb42fd14,1.0,0,0
58,11,4.363636363636363,1,0,0,0,0,0,1,0,0,0,0,11bdc567d9a8,1.0,0,0
130,20,5.55,1,0,0,1,0,0,1,0,0,0,0,12009c78b17c,1.0,0,0
102,14,6.357142857142857,1,0,0,0,0,1,2,0,0,0,0,128375062300,0.95,0,1
50,9,4.666666666666667,1,0,0,0,0,0,1,0,0,0,0,12afc0b7d12b,0.85,0,1
128,20,5.45,1,0,0,1,0,0,0,0,0,0,0,12f311bcf551,1.0,0,0
54,9,5.111111111111111,1,0,0,0,0,0,1,0,0,0,0,12ff68b025d4,0.8,0,1
89,14,5.428571428571429,1,0,0,0,0,0,1,0,0,0,0,13a882607efa,1.0,0,0
64,11,4.909090909090909,1,0,0,0,0,1,0,0,0,0,0,13e8eb5201a2,1.0,0,0
49,9,4.555555555555555,1,0,0,0,0,0,1,0,0,0,0,13eef65cb577,0.8,0,1
65,12,4.5,1,0,0,0,0,0,1,0,0,0,0,142fce0269d7,1.0,0,0
84,14,5.071428571428571,1,0,0,0,0,1,1,0,0,0,0,14731ce12590,1.0,0,0
73,12,5.166666666666667,1,0,0,0,0,0,1,0,0,0,0,14b1f56d347f,1.0,0,0
155,23,5.782608695652174,1,0,0,1,0,0,1,0,0,0,0,14bfbe405546,1.0,0,0
113,19,5.0,1,0,0,0,0,0,1,1,0,0,0,14c9a862fe14,1.0,0,0
92,13,6.153846153846154,1,0,0,0,0,0,0,0,0,0,0,14ffaa0104cd,1.0,0,0
108,16,5.8125,1,0,0,0,0,0,1,0,0,0,0,15004bc697e1,1.0,0,0
78,12,5.583333333333333,1,0,0,0,0,0,1,0,0,0,0,15236691bcd4,1.0,0,0
132,25,4.32,1,0,0,1,0,2,1,0,0,0,0,1550a1e49852,0.95,0,1
93,13,6.230769230769231,1,0,0,0,0,0,0,0,0,0,0,158a4881622d,1.0,0,0
53,10,4.4,1,0,0,0,0,0,0,0,0,0,0,159370a9d9da,1.0,0,0
67,12,4.666666666666667,1,0,0,0,0,1,2,0,0,0,0,15c8630a0b88,1.0,0,0
88,13,5.846153846153846,1,0,0,0,0,0,1,0,0,0,0,16c0081cf56f,1.0,0,0
80,11,6.363636363636363,1,0,0,0,0,0,0,0,0,0,0,16c5579cc622,1.0,0,0
49,9,4.555555555555555,1,0,0,0,0,0,2,0,0,0,0,16e66d0ab312,1.0,0,0
101,16,5.375,1,0,0,0,0,0,1,0,0,0,0,1860a9289703,0.95,0,1
41,7,5.0,1,0,0,0,0,0,1,0,0,0,0,18728ba98fd0,1.0,0,0
56,8,6.125,1,0,0,0,0,0,1,0,0,0,0,18a39ba492ba,1.0,0,0
67,14,3.857142857142857,1,0,0,0,0,0,3,0,0,0,0,18c60d800c6a,0.45,1,1
97,18,4.444444444444445,1,0,0,0,0,0,2,0,0,0,0,18e276b0e992,1.0,0,0
84,14,5.071428571428571,1,0,0,0,0,0,1,0,0,0,0,18ebf47e6d2c,1.0,0,0
79,13,5.153846153846154,1,0,0,0,0,0,0,0,0,0,0,19225190be9d,1.0,0,0
78,16,3.9375,1,0,0,0,0,0,2,0,0,0,0,19f25ea6d241,1.0,0,0
79,13,5.153846153846154,1,0,0,0,0,1,2,0,0,0,0,1a5ff45f2a60,1.0,0,0
35,7,4.142857142857143,1,0,0,0,0,0,1,0,0,0,0,1ac81fe1ef38,0.85,0,1
69,12,4.833333333333333,1,0,0,0,0,0,1,0,0,0,0,1b0a5d6a75db,0.75,1,1
65,11,5.0,1,0,0,0,0,0,1,0,0,0,0,1b1d66a23b09,0.9,0,1
72,13,4.615384615384615,1,0,0,0,0,1,1,0,0,0,0,1b68a1a31209,0.65,1,1
65,10,5.6,1,0,0,0,0,0,2,0,0,0,0,1b917ebeeec6,1.0,0,0
60,11,4.545454545454546,1,0,0,0,0,0,1,0,0,0,0,1bbe387b4bfa,1.0,0,0
100,16,5.3125,1,0,0,1,0,0,1,0,0,0,0,1c3326d18ee7,0.8,0,1
54,11,4.0,1,0,0,0,0,1,2,0,0,0,0,1c7de78f48f6,1.0,0,0
85,15,4.733333333333333,1,0,0,0,0,2,0,0,0,0,0,1c9e770c4368,1.0,0,0
65,14,3.7142857142857144,1,0,0,0,0,0,1,0,0,0,0,1ce5e2878a16,0.75,1,1
85,12,6.166666666666667,1,0,0,0,0,0,1,0,0,0,0,1d9578b56a08,1.0,0,0
81,12,5.833333333333333,1,0,0,0,0,0,1,0,0,0,0,1ec6426d557c,1.0,0,0
73,13,4.6923076923076925,1,0,0,0,0,0,1,1,0,0,0,1ee34571c583,0.55,1,1
67,11,5.181818181818182,1,0,0,0,0,0,1,0,0,0,0,1eef6ffbdce6,1.0,0,0
43,8,4.5,1,0,0,0,0,1,0,0,0,0,0,1f27903562b2,1.0,0,0
61,12,4.166666666666667,1,0,0,0,0,0,1,0,0,0,0,1f4597c7874d,0.45,1,1
49,9,4.555555555555555,1,0,0,0,0,1,1,0,0,0,0,1f856ec09373,1.0,0,0
60,11,4.545454545454546,1,0,0,0,0,0,1,0,0,0,0,1f9d3f519a28,0.85,0,1
118,16,6.4375,1,0,0,0,0,1,0,0,0,0,0,1fd2a0b0e22a,1.0,0,0
141,23,5.173913043478261,2,0,0,1,1,0,2,0,0,0,0,1fd8d5e23346,0.85,0,1
136,19,6.2105263157894735,1,0,0,0,0,0,1,1,0,0,0,1ff53af502d8,0.8,0,1
79,13,5.153846153846154,1,0,0,0,0,0,0,0,0,0,0,2003dcb793ad,1.0,0,0
64,11,4.909090909090909,1,0,0,0,0,0,1,0,0,0,0,203b18d9c3ee,1.0,0,0
67,14,3.857142857142857,1,0,0,0,0,0,1,0,0,0,0,2064cbaabab3,1.0,0,0
51,10,4.2,1,0,0,0,0,0,1,0,0,0,0,20cd03e9c678,0.55,1,1
99,15,5.666666666666667,1,0,0,0,0,0,1,0,0,0,0,20f84943e973,1.0,0,0
71,9,7.0,1,0,0,0,0,0,1,0,0,0,0,21762857b9eb,1.0,0,0
89,11,7.181818181818182,1,0,0,0,0,0,0,0,0,0,0,218bed4115d9,1.0,0,0
104,16,5.5625,1,0,0,0,0,1,1,1,0,0,0,21a875b0232c,1.0,0,0
123,21,4.904761904761905,1,0,0,1,0,1,1,0,0,0,0,21b3e05f5e22,1.0,0,0
61,10,5.2,1,0,0,0,0,0,1,0,0,0,0,21dcc6ed97ae,0.95,0,1
64,12,4.416666666666667,1,0,0,0,0,0,2,0,0,0,0,21f784e4a92e,1.0,0,0
90,16,4.6875,1,0,0,0,0,0,1,1,0,0,0,221d09caed4f,0.55,1,1
48,8,5.125,1,0,0,0,0,0,1,0,0,0,0,22b5abac5076,0.55,1,1
56,10,4.7,1,0,0,0,0,0,2,0,0,0,0,22dd4fdf8af6,1.0,0,0
65,13,4.076923076923077,1,0,0,0,0,0,2,0,0,0,0,23163b36c9f6,1.0,0,0
96,17,4.705882352941177,1,0,0,0,0,0,1,0,0,0,0,2337a244ee59,1.0,0,0
83,14,5.0,1,0,0,0,0,1,0,0,0,0,0,237b33664fbf,1.0,0,0
79,11,6.2727272727272725,1,0,0,0,0,0,1,0,0,0,0,2383008c7b88,1.0,0,0
150,27,4.592592592592593,1,0,0,0,0,0,0,1,0,0,0,239d5195758e,1.0,0,0
71,11,5.545454545454546,1,0,0,0,0,0,1,0,0,0,0,23a6c7441ad7,1.0,0,0
74,13,4.769230769230769,1,0,0,0,0,2,2,0,0,0,0,23aefee5cacb,1.0,0,0
79,13,5.153846153846154,1,0,0,0,0,0,1,0,0,0,0,246b105b3427,0.95,0,1
78,13,5.076923076923077,1,0,0,0,0,0,1,0,0,0,0,2474a3d9fad8,1.0,0,0
94,14,5.785714285714286,1,0,0,0,0,0,1,0,0,0,0,24c17199e0eb,1.0,0,0
53,9,5.0,1,0,0,0,0,0,1,0,0,0,0,24f507f488a1,0.7,1,1
92,15,5.2,1,0,0,0,0,0,1,0,0,0,0,2540da55c358,0.9,0,1
86,13,5.6923076923076925,1,0,0,0,0,0,2,0,0,0,0,2548d4361cfb,1.0,0,0
89,14,5.428571428571429,1,0,0,0,0,0,0,0,0,0,0,25d08b874af2,1.0,0,0
87,13,5.769230769230769,1,0,0,0,0,0,1,0,0,0,0,2614aba93a29,0.95,0,1
68,11,5.2727272727272725,1,0,0,0,0,0,1,0,0,0,0,26308382304e,1.0,0,0
59,10,5.0,1,0,0,0,0,0,1,0,0,0,0,26331ff61f82,0.6,1,1
86,13,5.6923076923076925,1,0,0,0,0,2,1,0,0,0,0,266d2a040a91,1.0,0,0
69,11,5.363636363636363,1,0,0,0,0,0,1,0,0,0,0,268345376c58,0.7,1,1
132,20,5.65,1,0,0,1,0,0,1,0,0,0,0,26837e5f1681,0.95,0,1
61,9,5.888888888888889,1,0,0,0,0,0,3,0,0,0,0,26c7acb18308,1.0,0,0
70,13,4.461538461538462,1,0,0,0,0,0,1,0,0,0,0,26e5a9704bd0,0.9,0,1
93,15,5.266666666666667,1,0,0,0,0,1,2,0,0,0,0,277aea2b75cc,1.0,0,0
80,12,5.75,1,0,0,0,0,0,0,0,0,0,0,28165f759eff,1.0,0,0
84,11,6.7272727272727275,1,0,0,0,0,0,0,0,0,0,0,28c821ecc458,0.7777777777777778,1,1
48,9,4.444444444444445,1,0,0,0,0,0,1,0,0,0,0,2920b3d2416b,0.75,1,1
65,12,4.5,1,0,0,0,0,2,1,0,0,0,0,297792098fdc,1.0,0,0
95,15,5.4,1,0,0,0,0,0,1,1,0,0,0,29842ec5e50c,1.0,0,0
85,15,4.733333333333333,1,0,0,0,0,1,2,0,0,0,0,29d5b25d1c8c,1.0,0,0
70,15,3.7333333333333334,1,0,0,2,0,0,1,2,0,0,0,2bb52f95e3b6,0.8,0,1
131,19,5.947368421052632,1,0,0,1,0,0,1,0,0,0,0,2be213828de5,1.0,0,0
104,18,4.833333333333333,1,0,0,0,0,0,1,0,0,0,0,2be2bf158f0d,0.9,0,1
54,8,5.875,1,0,0,0,0,0,1,0,0,0,0,2c182ff608dc,1.0,0,0
59,9,5.666666666666667,1,0,0,0,0,0,1,0,0,0,0,2c9a22ecbcde,1.0,0,0
77,13,5.0,1,0,0,0,0,0,2,0,0,0,0,2c9becec06de,1.0,0,0
76,11,6.0,1,0,0,0,0,0,2,0,0,0,0,2cbffb6c4a4c,1.0,0,0
88,14,5.357142857142857,1,0,0,0,0,1,2,0,0,0,0,2cc57b2545d1,1.0,0,0
82,10,7.3,1,0,0,0,0,0,0,0,0,0,0,2dea595fd52d,1.0,0,0
76,11,6.0,1,0,0,0,0,0,1,0,0,0,0,2dfe559b79d4,0.95,0,1
44,7,5.428571428571429,1,0,0,0,0,0,1,0,0,0,0,2e3d5853e67b,0.9,0,1
124,17,6.352941176470588,1,0,0,1,0,0,0,0,0,0,0,2e60dabe6744,1.0,0,0
93,14,5.714285714285714,1,0,0,0,0,0,0,0,0,0,0,2f9af27a5ae9,1.0,0,0
145,24,5.083333333333333,1,0,0,1,0,1,2,0,0,0,0,303da1181113,1.0,0,0
60,12,4.083333333333333,1,0,0,0,1,0,1,0,0,0,0,30438c694f02,0.75,1,1
77,13,5.0,1,0,0,0,0,0,0,0,0,0,0,305cb469a442,1.0,0,0
72,10,6.3,1,0,0,0,0,0,1,0,0,0,0,30a0f7c47e3a,1.0,0,0
90,14,5.5,1,0,0,0,0,1,0,0,0,0,0,3101c4ab4270,1.0,0,0
66,7,8.571428571428571,1,0,0,0,0,0,0,0,0,0,0,317771d1d09e,1.0,0,0
100,18,4.611111111111111,1,0,0,0,0,0,2,0,0,0,0,3185b61956e0,1.0,0,0
87,15,4.866666666666666,1,0,0,0,0,0,1,0,0,0,0,31e3280458a7,1.0,0,0
56,10,4.7,1,0,0,0,0,0,1,1,0,0,0,31f442827222,0.95,0,1
51,9,4.777777777777778,1,0,0,0,0,1,3,0,0,0,0,3206305fb1b8,1.0,0,0
95,13,6.384615384615385,1,0,0,0,0,0,0,2,0,0,0,324426e79c9c,0.5555555555555556,1,1
82,14,4.928571428571429,1,0,0,0,0,1,1,0,0,0,0,32849e8baad0,1.0,0,0
70,13,4.461538461538462,3,0,0,0,0,0,1,1,0,0,0,32db89295b77,0.65,1,1
72,11,5.636363636363637,1,0,0,0,0,2,1,0,0,0,0,33421e9542c0,0.9,0,1
82,13,5.384615384615385,1,0,0,0,0,0,0,0,0,0,0,33d217c3f60f,1.0,0,0
134,23,4.869565217391305,1,0,0,0,1,0,1,2,0,0,0,34090ae8a2be,1.0,0,0
56,10,4.7,1,0,0,0,0,0,2,0,0,0,0,34355bb2c4e0,1.0,0,0
97,15,5.533333333333333,1,0,0,0,0,0,2,0,0,0,0,34390608bf94,1.0,0,0
47,9,4.333333333333333,1,0,0,0,0,0,1,0,0,0,0,34617b9a9859,0.95,0,1
67,10,5.8,1,0,0,0,0,0,1,0,0,0,0,3496b0a20937,1.0,0,0
47,8,5.0,1,0,0,0,0,1,1,0,0,0,0,34a47b3b869c,1.0,0,0
74,12,5.25,1,0,0,0,0,0,1,0,0,0,0,34b4a70ea947,1.0,0,0
65,12,4.5,1,0,0,0,0,1,0,0,0,0,0,34ebcf69977d,0.8,0,1
67,13,4.230769230769231,1,0,0,0,0,0,1,0,0,0,0,34ed31b6daea,1.0,0,0
93,15,5.266666666666667,1,0,0,0,0,2,1,0,0,0,0,358fb6626493,1.0,0,0
81,15,4.466666666666667,3,0,0,1,0,0,1,1,0,0,0,35cd2a7bac79,0.55,1,1
84,14,5.071428571428571,3,0,0,0,0,0,1,1,0,0,0,35d09e39f755,0.85,0,1
60,11,4.545454545454546,1,0,0,0,0,0,0,0,0,0,0,361e6f71af9f,1.0,0,0
82,14,4.928571428571429,1,0,0,0,0,0,3,0,0,0,0,36856dca34cf,1.0,0,0
116,19,5.157894736842105,1,0,0,0,0,0,0,0,0,0,0,36acb1ba5cb2,0.75,1,1
41,7,5.0,1,0,0,0,0,0,1,0,0,0,0,37249db42724,1.0,0,0
59,9,5.666666666666667,1,0,0,0,0,2,0,0,0,0,0,379109d0791f,1.0,0,0
67,13,4.230769230769231,1,0,0,0,0,0,2,0,0,0,0,37a77db98469,1.0,0,0
86,13,5.6923076923076925,1,0,0,1,0,0,1,0,0,0,0,37ebf1ea2f9e,0.55,1,1
71,12,5.0,1,0,0,0,0,0,1,0,0,0,0,383164089219,1.0,0,0
95,11,7.7272727272727275,1,0,0,0,0,0,0,0,0,0,0,388a5305170c,1.0,0,0
79,11,6.2727272727272725,1,0,0,0,0,0,1,0,0,0,0,38c9c8d6de44,1.0,0,0
59,11,4.454545454545454,1,0,0,0,0,1,1,0,0,0,0,38fe4fcf0fdf,1.0,0,0
56,9,5.333333333333333,1,0,0,0,0,0,1,0,0,0,0,3913c067544a,1.0,0,0
91,16,4.75,1,0,0,1,0,1,1,0,0,0,0,391752251b44,1.0,0,0
142,22,5.5,1,0,0,1,1,1,1,0,0,0,0,392414e70ff0,1.0,0,0
72,12,5.083333333333333,1,0,0,0,0,1,2,0,0,0,0,398096a7acbf,1.0,0,0
97,16,5.125,1,0,0,0,0,0,1,0,0,0,0,3a4ba36ba275,0.95,0,1
82,13,5.384615384615385,1,0,0,0,0,0,1,0,0,0,0,3abacabdbb40,0.4705882352941176,1,1
70,13,4.461538461538462,3,0,0,0,0,0,1,2,0,0,0,3ac21de9d68f,0.4,1,1
66,11,5.090909090909091,1,0,0,0,0,0,1,0,0,0,0,3bb0b7772913,0.65,1,1
47,8,5.0,1,0,0,0,0,1,1,0,0,0,0,3bf8ee358bee,1.0,0,0
55,10,4.6,1,0,0,0,0,1,0,0,0,0,0,3c102b492f4e,0.7894736842105263,1,1
130,20,5.55,1,0,0,0,0,0,1,1,0,0,0,3c29d03131b4,1.0,0,0
54,9,5.111111111111111,1,0,0,0,0,0,0,0,0,0,0,3cc550fb2442,1.0,0,0
86,15,4.8,3,0,0,0,0,0,1,1,0,0,0,3cfa74c8e122,0.6,1,1
51,8,5.5,1,0,0,0,0,0,0,0,0,0,0,3cfb88cae862,1.0,0,0
74,13,4.769230769230769,1,0,0,0,0,0,2,0,0,0,0,3d2b1e7f665e,1.0,0,0
115,19,5.105263157894737,1,0,0,0,0,0,1,0,0,0,0,3d3174e7ec60,1.0,0,0
77,12,5.5,1,0,0,0,0,0,0,0,0,0,0,3d61699078f7,0.8,0,1
52,10,4.3,1,0,0,0,0,1,2,0,0,0,0,3d8d613d9c4c,1.0,0,0
60,11,4.545454545454546,1,0,0,0,0,0,1,0,0,0,0,3e48b0dfd6a7,0.45,1,1
91,17,4.411764705882353,1,0,0,0,0,0,3,0,0,0,0,3e9039594083,1.0,0,0
92,14,5.642857142857143,1,0,0,0,0,1,1,0,0,0,0,3fb00e68fa44,1.0,0,0
71,11,5.545454545454546,2,0,0,0,0,0,2,0,0,0,0,3fb9dfde5352,1.0,0,0
74,11,5.818181818181818,1,0,0,0,0,1,2,0,0,0,0,3fc673319b68,1.0,0,0
62,10,5.3,1,0,0,0,0,0,1,0,0,0,0,4147511adc80,0.95,0,1
76,13,4.923076923076923,1,0,0,0,0,0,0,0,0,0,0,41636bdef6c9,0.95,0,1
79,13,5.153846153846154,1,0,0,0,0,0,1,0,0,0,0,4173f1fe4ae0,1.0,0,0
75,12,5.333333333333333,1,0,0,0,0,0,1,0,0,0,0,41846a30d694,1.0,0,0
53,9,5.0,4,0,0,0,0,0,1,1,0,0,0,41e9ce3cf7d6,0.9,0,1
124,20,5.25,1,0,0,0,0,0,2,1,0,0,0,42197df3b25d,0.95,0,1
48,8,5.125,1,0,0,0,0,0,2,0,0,0,0,42888f92fa71,1.0,0,0
43,7,5.285714285714286,1,0,0,0,0,0,1,0,0,0,0,42ee4973af7f,1.0,0,0
80,11,6.363636363636363,1,0,0,0,0,0,1,0,0,0,0,436df6fe0bbc,0.9,0,1
79,13,5.153846153846154,1,0,0,0,0,1,1,1,0,0,0,438ae84e20b0,1.0,0,0
121,15,7.133333333333334,1,0,0,0,0,0,0,0,0,0,0,439a000dceda,1.0,0,0
76,12,5.416666666666667,1,0,0,0,0,0,1,0,0,0,0,439afdd7ac36,1.0,0,0
48,9,4.444444444444445,1,0,0,0,0,1,1,0,0,0,0,442d76e273e5,1.0,0,0
91,13,6.076923076923077,1,0,0,0,0,0,0,0,0,0,0,442e0935263e,0.9,0,1
75,13,4.846153846153846,1,0,0,0,0,0,1,0,0,0,0,4473abdfabfc,1.0,0,0
74,15,4.0,1,0,0,0,0,1,2,0,0,0,0,44cf9d26c751,1.0,0,0
112,20,4.65,1,0,0,0,1,1,1,1,0,0,0,4559e441e02b,0.8,0,1
90,15,5.066666666666666,1,0,0,0,0,1,1,0,0,0,0,45d963d347f6,0.8421052631578947,0,1
97,16,5.125,1,0,0,0,0,1,1,0,0,0,0,45f039890a1e,1.0,0,0
78,12,5.583333333333333,1,0,0,0,0,0,2,0,0,0,0,45f57de80f34,1.0,0,0
73,12,5.166666666666667,1,0,0,0,0,0,1,0,0,0,0,460eb2c53148,0.8,0,1
183,26,6.076923076923077,1,0,0,1,0,0,0,0,0,0,0,4626fe72f50f,0.85,0,1
73,12,5.166666666666667,1,0,0,0,0,0,0,0,0,0,0,46308c483fd8,1.0,0,0
80,11,6.363636363636363,1,0,0,0,0,0,0,0,0,0,0,465a778a99b7,0.7,1,1
57,9,5.444444444444445,1,0,0,0,0,0,1,0,0,0,0,468a845bca91,0.6,1,1
85,13,5.615384615384615,1,0,0,0,0,0,2,0,0,0,0,46ec1b71455b,1.0,0,0
76,13,4.923076923076923,1,0,0,0,0,0,1,0,0,0,0,46f21b8f4b23,1.0,0,0
100,14,6.214285714285714,1,0,0,0,0,1,1,0,0,0,0,4798155f2646,1.0,0,0
87,14,5.285714285714286,1,0,0,0,0,0,1,0,0,0,0,47a972c90b20,1.0,0,0
54,10,4.5,1,0,0,0,0,0,1,0,0,0,0,47ee8c188527,0.9,0,1
64,11,4.909090909090909,1,0,0,0,0,0,3,0,0,0,0,486900f66924,1.0,0,0
54,9,5.111111111111111,1,0,0,0,0,1,1,0,0,0,0,48fcdd2e8c04,1.0,0,0
105,16,5.625,1,0,0,0,0,0,0,0,0,0,0,495ca26b7a29,1.0,0,0
66,11,5.090909090909091,1,0,0,0,0,0,1,0,0,0,0,4973195182c4,0.75,1,1
89,15,5.0,1,0,0,0,0,1,1,0,0,0,0,49a0324d6762,1.0,0,0
65,12,4.5,1,0,0,0,0,1,2,0,0,0,0,4a00f1543ee4,1.0,0,0
78,11,6.181818181818182,1,0,0,0,0,0,1,0,0,0,0,4a2013d61be6,0.5,1,1
151,26,4.846153846153846,1,0,0,1,1,0,1,0,0,0,0,4a74edcf60a1,0.85,0,1
53,9,5.0,1,0,0,0,0,0,1,0,0,0,0,4a9aaa2287cf,0.8,0,1
59,11,4.454545454545454,1,0,0,0,0,1,1,1,0,0,0,4abc42b73882,0.95,0,1
87,15,4.866666666666666,1,0,0,0,0,0,1,0,0,0,0,4b1e570d273a,1.0,0,0
56,10,4.7,1,0,0,0,0,1,2,0,0,0,0,4ba5bc5c6c5f,1.0,0,0
89,15,5.0,1,0,0,0,0,0,1,0,0,0,0,4baa3addd3d1,0.95,0,1
63,11,4.818181818181818,1,0,0,0,0,1,1,0,0,0,0,4c315bd11a43,1.0,0,0
104,14,6.5,1,0,0,0,0,0,1,0,0,0,0,4c366d1e381b,1.0,0,0
57,9,5.444444444444445,1,0,0,0,0,1,1,0,0,0,0,4c99809e875e,1.0,0,0
58,9,5.555555555555555,1,0,0,0,0,0,0,0,0,0,0,4ca120306ff9,1.0,0,0
73,14,4.285714285714286,1,0,0,0,0,1,2,0,0,0,0,4e19ea0214fa,1.0,0,0
122,15,7.2,1,0,0,0,0,0,0,0,0,0,0,4e5b8de9bce4,1.0,0,0
99,18,4.555555555555555,1,0,0,0,0,0,0,0,0,0,0,4e757dd4da12,0.85,0,1
90,15,5.066666666666666,1,0,0,1,0,0,1,0,0,0,0,4e79ef0f2d13,1.0,0,0
165,25,5.64,1,0,0,1,0,0,0,0,0,0,0,4e90f26c3e0a,0.5,1,1
69,11,5.363636363636363,1,0,0,0,0,1,1,0,0,0,0,4ed59192e836,1.0,0,0
140,22,5.409090909090909,1,0,0,0,0,0,0,1,0,0,0,4f1bb18561e3,0.8,0,1
68,9,6.666666666666667,1,0,0,0,0,0,0,0,0,0,0,4f413c86acd2,1.0,0,0
73,12,5.166666666666667,1,0,0,0,0,1,0,0,0,0,0,4f4d2f367ea2,0.6,1,1
106,19,4.631578947368421,1,0,0,0,0,1,1,2,0,0,0,4fb60039ad01,0.6,1,1
140,22,5.409090909090909,1,0,0,1,0,0,1,0,0,0,0,4fba5a782b62,0.75,1,1
115,16,6.25,1,0,0,1,0,0,0,0,0,0,0,4fc960c840d3,0.65,1,1
75,12,5.333333333333333,1,0,0,0,0,0,0,0,0,0,0,4ff8823dc6b1,1.0,0,0
66,12,4.583333333333333,1,0,0,0,0,1,1,0,0,0,0,50a1083e1115,0.55,1,1
88,14,5.357142857142857,1,0,0,0,0,0,0,0,0,0,0,50cd177e0dfa,1.0,0,0
59,9,5.666666666666667,1,0,0,0,0,0,1,0,0,0,0,50f2eb222a3e,1.0,0,0
79,12,5.666666666666667,1,0,0,0,0,0,0,0,0,0,0,50fb6e1c40c0,1.0,0,0
93,15,5.266666666666667,1,0,0,1,0,0,2,0,0,0,0,51026da36bc2,1.0,0,0
64,10,5.5,1,0,0,0,0,0,1,0,0,0,0,51492c6964d8,1.0,0,0
104,20,4.25,1,0,0,0,0,0,2,0,0,0,0,515340e109b9,1.0,0,0
130,20,5.55,1,0,0,1,0,0,2,0,0,0,0,518f14e28379,1.0,0,0
60,11,4.545454545454546,1,0,0,0,0,0,1,0,0,0,0,51baa1a22987,0.75,1,1
55,11,4.090909090909091,1,0,0,0,0,1,2,0,0,0,0,51f476f2e116,1.0,0,0
69,11,5.363636363636363,1,0,0,0,0,0,0,0,0,0,0,524e7c6d9e03,1.0,0,0
58,6,8.833333333333334,1,0,0,0,0,0,1,0,0,0,0,5277a75c2c00,1.0,0,0
209,34,5.176470588235294,1,0,0,2,0,0,2,0,0,0,0,5282b4673f56,0.5,1,1
118,18,5.611111111111111,1,0,0,0,0,0,0,1,0,0,0,52d40f674da1,1.0,0,0
105,14,6.571428571428571,1,0,0,0,0,0,1,1,0,0,0,5354eabe505e,0.95,0,1
47,8,5.0,1,0,0,0,0,0,0,0,0,0,0,5356adc5b377,0.95,0,1
70,10,6.1,1,0,0,0,0,0,1,0,0,0,0,53b53c0c632b,1.0,0,0
67,13,4.230769230769231,1,0,0,0,0,0,1,0,0,0,0,54f4e7cf3eed,0.55,1,1
77,12,5.5,1,0,0,0,0,0,1,0,0,0,0,5511223c41e2,0.85,0,1
67,11,5.181818181818182,1,0,0,0,0,1,1,0,0,0,0,5539cfcc186d,1.0,0,0
96,15,5.466666666666667,1,0,0,0,0,0,0,0,0,0,0,55523ad40248,0.9,0,1
76,14,4.5,1,0,0,0,0,1,0,0,0,0,0,5571543d86c2,0.75,1,1
61,11,4.636363636363637,1,0,0,0,0,1,3,0,0,0,0,5574890a9729,1.0,0,0
125,21,5.0,1,0,0,1,2,1,2,0,0,0,0,55bde6060407,1.0,0,0
65,11,5.0,1,0,0,0,0,0,1,0,0,0,0,55cb69117cf1,1.0,0,0
93,17,4.529411764705882,1,0,0,0,0,2,3,0,0,0,0,5653d3e96260,1.0,0,0
59,9,5.666666666666667,1,0,0,0,0,0,1,0,0,0,0,56a9057f7629,1.0,0,0
69,11,5.363636363636363,1,0,0,0,0,0,1,0,0,0,0,572577ece754,0.65,1,1
48,7,6.0,1,0,0,0,0,0,0,0,0,0,0,573e83b3f003,1.0,0,0
68,13,4.3076923076923075,1,0,0,0,0,0,1,0,0,0,0,578de321526f,0.95,0,1
75,12,5.333333333333333,1,0,0,0,0,0,1,0,0,0,0,57e983273586,0.6,1,1
120,20,5.05,1,0,0,0,0,1,1,1,0,0,0,581b7e0edccc,1.0,0,0
120,20,5.05,1,0,0,3,0,0,0,0,0,0,0,582e4737bded,1.0,0,0
85,12,6.166666666666667,1,0,0,0,0,0,0,1,0,0,0,584299edecd5,1.0,0,0
50,8,5.375,1,0,0,0,0,0,0,0,0,0,0,58c12992bc79,0.95,0,1
113,18,5.333333333333333,1,0,0,0,0,0,1,0,0,0,0,58f5faa80bd9,1.0,0,0
120,21,4.761904761904762,1,0,0,1,0,1,4,0,0,0,0,590a86b678b1,1.0,0,0
67,12,4.666666666666667,1,0,0,0,0,0,0,0,0,0,0,591f5b2dfc29,1.0,0,0
76,12,5.416666666666667,1,0,0,0,0,0,0,0,0,0,0,593e2b47edad,1.0,0,0
64,11,4.909090909090909,1,0,0,0,0,1,2,0,0,0,0,5965233ddad7,1.0,0,0
65,12,4.5,1,0,0,0,0,0,2,0,0,0,0,599eecbfd6a3,1.0,0,0
90,14,5.5,1,0,0,0,0,0,1,0,0,0,0,59f4f1a78889,1.0,0,0
57,10,4.8,1,0,0,0,0,1,2,0,0,0,0,5a0797552781,1.0,0,0
55,8,6.0,1,0,0,0,0,0,1,0,0,0,0,5a47d4e21881,1.0,0,0
131,19,5.947368421052632,1,0,0,0,0,0,2,1,0,0,0,5a5555a3875e,1.0,0,0
124,20,5.25,1,0,0,0,0,0,1,1,0,0,0,5a6f7ceb64f1,1.0,0,0
68,11,5.2727272727272725,1,0,0,0,0,1,2,0,0,0,0,5ab67549529d,1.0,0,0
74,11,5.818181818181818,1,0,0,0,0,0,1,0,0,0,0,5afcf750e62c,0.55,1,1
116,17,5.882352941176471,1,0,0,0,0,0,1,0,0,0,0,5b0a69b16a28,0.9,0,1
67,9,6.555555555555555,1,0,0,0,0,0,0,0,0,0,0,5b17a562ddd4,1.0,0,0
51,8,5.5,1,0,0,0,0,0,1,0,0,0,0,5bf8e1a372ed,0.5,1,1
108,20,4.45,1,0,0,0,0,0,0,0,0,0,0,5c182c09d67c,0.55,1,1
117,19,5.2105263157894735,1,0,0,2,0,0,0,0,0,0,0,5c809e0834e0,0.95,0,1
66,12,4.583333333333333,1,0,0,0,0,1,1,0,0,0,0,5cc2e5fbf4ec,1.0,0,0
47,8,5.0,1,0,0,0,0,0,1,0,0,0,0,5d37abc3b029,0.95,0,1
86,11,6.909090909090909,1,0,0,0,0,0,0,0,0,0,0,5dd6df87b8f9,1.0,0,0
32,6,4.5,1,0,0,0,0,1,2,0,0,0,0,5dd8b1ca3af0,1.0,0,0
63,13,3.923076923076923,1,0,0,0,0,1,1,0,0,0,0,5df009ef974d,1.0,0,0
53,8,5.75,1,0,0,0,0,0,1,0,0,0,0,5eb81a28ba81,1.0,0,0
76,12,5.416666666666667,1,0,0,0,0,0,1,0,0,0,0,5ee846593906,1.0,0,0
92,16,4.8125,1,0,0,0,0,0,1,1,0,0,0,5efc5a5b1c2c,0.6,1,1
51,8,5.5,1,0,0,0,0,0,1,0,0,0,0,5f1bb8c1143f,0.85,0,1
77,9,7.666666666666667,1,0,0,0,0,0,0,0,0,0,0,5f2f9de72d34,1.0,0,0
82,13,5.384615384615385,1,0,0,0,0,0,1,0,0,0,0,5f66e4144b0b,1.0,0,0
69,11,5.363636363636363,1,0,0,0,0,0,2,0,0,0,0,5f939f2957af,1.0,0,0
63,12,4.333333333333333,1,0,0,0,0,1,1,0,0,0,0,5fd3fdd9b4f3,1.0,0,0
64,11,4.909090909090909,1,0,0,0,0,0,1,0,0,0,0,5fef4a883674,1.0,0,0
60,11,4.545454545454546,1,0,0,0,0,1,0,0,0,0,0,613999926dad,0.85,0,1
90,16,4.6875,1,0,0,0,0,0,1,0,0,0,0,61bad71fc69e,1.0,0,0
68,11,5.2727272727272725,1,0,0,0,0,0,1,0,0,0,0,61bcf20747ba,0.7894736842105263,1,1
91,16,4.75,1,0,0,0,0,0,2,1,0,0,0,6229ab734083,0.95,0,1
98,14,6.071428571428571,1,0,0,0,0,0,1,0,0,0,0,626941cb8845,1.0,0,0
60,12,4.083333333333333,1,0,0,0,0,1,3,0,0,0,0,62a09135fe30,1.0,0,0
69,12,4.833333333333333,1,0,0,0,0,1,2,0,0,0,0,62c3369e7b9b,1.0,0,0
81,10,7.2,1,0,0,0,0,0,0,0,0,0,0,640a9269d709,0.95,0,1
67,12,4.666666666666667,1,0,0,0,0,0,1,0,0,0,0,6427f6e4c41e,0.55,1,1
57,10,4.8,1,0,0,0,0,0,0,0,0,0,0,6470da94a42b,0.95,0,1
107,18,5.0,1,0,0,0,0,0,0,1,0,0,0,647b7e4f0b27,1.0,0,0
70,11,5.454545454545454,1,0,0,0,0,1,1,0,0,0,0,64c735c170d2,1.0,0,0
55,8,6.0,1,0,0,0,0,0,1,0,0,0,0,64da25bdfe7f,1.0,0,0
52,8,5.625,1,0,0,0,0,0,1,0,0,0,0,6507343d36b9,1.0,0,0
90,14,5.5,1,0,0,0,0,2,0,0,0,0,0,6553fdd6f72d,1.0,0,0
62,10,5.3,1,0,0,0,0,0,0,0,0,0,0,65a11ee17b79,0.85,0,1
96,18,4.388888888888889,1,0,0,0,0,0,1,2,0,0,0,662fa91e8483,1.0,0,0
106,18,4.944444444444445,1,0,0,0,0,0,0,0,0,0,0,6670f232bfbf,1.0,0,0
116,15,6.8,1,0,0,0,0,0,0,1,0,0,0,6696d431e6c9,1.0,0,0
107,17,5.352941176470588,1,0,0,0,0,0,0,0,0,0,0,672f5708e1f4,1.0,0,0
97,16,5.125,1,0,0,0,0,0,0,0,0,0,0,673bdfee56c9,1.0,0,0
75,13,4.846153846153846,1,0,0,0,0,0,2,0,0,0,0,673d627876e5,1.0,0,0
59,10,5.0,1,0,0,0,0,0,1,0,0,0,0,676e7bb89b83,0.7,1,1
75,13,4.846153846153846,2,0,0,0,0,0,1,1,0,0,0,686b33055d96,0.45,1,1
77,13,5.0,1,0,0,0,0,1,1,0,0,0,0,6948818e632f,1.0,0,0
54,10,4.5,1,0,0,0,0,0,0,0,0,0,0,694e4650a7e7,1.0,0,0
90,14,5.5,1,0,0,0,0,0,1,0,0,0,0,695dc4b1d2b3,1.0,0,0
68,12,4.75,1,0,0,0,0,0,1,2,0,0,0,6a00384e567a,0.9,0,1
65,7,8.428571428571429,1,0,0,0,0,0,0,0,0,0,0,6a0f37a78df3,1.0,0,0
41,6,6.0,1,0,0,0,0,0,1,0,0,0,0,6a7ca17ff743,1.0,0,0
116,18,5.5,1,0,0,0,0,0,1,0,0,0,0,6aaba62c1f65,1.0,0,0
70,10,6.1,1,0,0,0,0,1,0,0,0,0,0,6af287683097,0.75,1,1
49,9,4.555555555555555,1,0,0,0,0,0,1,0,0,0,0,6b84274a391b,0.8,0,1
91,16,4.75,1,0,0,0,0,0,0,0,0,0,0,6ba6f07de9f8,1.0,0,0
86,14,5.214285714285714,1,0,0,0,0,0,0,0,0,0,0,6bf86337c79b,0.95,0,1
65,11,5.0,1,0,0,0,0,0,1,0,0,0,0,6c1e96a3c913,0.85,0,1
65,12,4.5,1,0,0,0,0,0,2,0,0,0,0,6c4f1472ad43,1.0,0,0
80,10,7.1,1,0,0,0,0,0,1,0,0,0,0,6c54aeae964e,1.0,0,0
88,17,4.235294117647059,1,0,0,0,0,0,1,0,0,0,0,6c6bddb40f33,1.0,0,0
68,11,5.2727272727272725,1,0,0,0,0,0,0,0,0,0,0,6c81c1e81f3a,1.0,0,0
88,14,5.357142857142857,1,0,0,0,1,1,0,0,0,0,0,6c9b17fc5ee8,1.0,0,0
68,11,5.2727272727272725,1,0,0,0,0,1,1,0,0,0,0,6caf426ef9b4,1.0,0,0
74,14,4.357142857142857,1,0,0,0,0,0,1,0,0,0,0,6cd155711890,1.0,0,0
103,14,6.428571428571429,1,0,0,0,0,0,0,0,0,0,0,6cfe067e508e,0.95,0,1
67,11,5.181818181818182,1,0,0,0,0,0,1,0,0,0,0,6d311a51cfbf,0.4,1,1
112,17,5.647058823529412,1,0,0,0,0,1,1,0,0,0,0,6d63c97442de,1.0,0,0
126,20,5.35,1,0,0,0,0,0,2,0,0,0,0,6df240a50e53,1.0,0,0
79,13,5.153846153846154,1,0,0,0,0,0,1,0,0,0,0,6df9cdaf9cb1,1.0,0,0
81,13,5.3076923076923075,1,0,0,0,0,1,3,0,0,0,0,6e22470e17e2,1.0,0,0
73,12,5.166666666666667,1,0,0,0,0,0,0,0,0,0,0,6e3bad3b9e90,0.8,0,1
65,12,4.5,3,0,0,0,0,0,1,1,0,0,0,6ea9971d855c,1.0,0,0
92,16,4.8125,1,0,0,0,0,1,2,0,0,0,0,6ebf22301fea,1.0,0,0
85,13,5.615384615384615,1,0,0,0,0,0,1,0,0,0,0,6eca916885a1,0.7,1,1
58,11,4.363636363636363,1,0,0,0,0,0,2,0,0,0,0,6f0fec264461,1.0,0,0
124,20,5.25,1,0,0,0,0,0,0,0,0,0,0,6f3729dbeba5,1.0,0,0
113,19,5.0,1,0,0,0,0,0,1,0,0,0,0,6fdc1b79f642,1.0,0,0
63,12,4.333333333333333,1,0,0,0,0,1,0,0,0,0,0,7211f9aad466,0.9473684210526316,0,1
69,13,4.384615384615385,3,0,0,0,0,0,1,2,0,0,0,72e5b66c2f01,0.75,1,1
66,10,5.7,1,0,0,0,0,1,1,0,0,0,0,7344edf0da50,1.0,0,0
54,9,5.111111111111111,1,0,0,0,0,0,2,0,0,0,0,736787a08ca8,1.0,0,0
101,16,5.375,1,0,0,0,0,1,0,0,0,0,0,7386e65a32a3,1.0,0,0
83,16,4.25,1,0,0,0,0,0,1,0,0,0,0,7391df5bd0ce,1.0,0,0
120,21,4.761904761904762,1,0,0,0,1,1,1,0,0,0,0,73d89adc1204,1.0,0,0
106,14,6.642857142857143,1,0,0,0,0,1,0,0,0,0,0,741276d36b60,1.0,0,0
65,10,5.6,1,0,0,0,0,0,2,0,0,0,0,746194c67594,1.0,0,0
174,32,4.46875,1,0,0,1,0,3,1,1,0,0,0,746cac5f690f,1.0,0,0
103,15,5.933333333333334,1,0,0,0,0,0,0,0,0,0,0,74ae8c3e1a11,1.0,0,0
105,18,4.888888888888889,1,0,0,0,0,0,0,1,0,0,0,74f8f72a0a16,1.0,0,0
98,17,4.823529411764706,1,0,0,0,0,0,1,0,0,0,0,753f1c9d6d2f,1.0,0,0
60,8,6.625,1,0,0,0,0,0,2,0,0,0,0,756c5aa0a7ec,1.0,0,0
82,14,4.928571428571429,1,0,0,0,0,1,1,0,0,0,0,7627f186f659,1.0,0,0
73,13,4.6923076923076925,1,0,0,0,0,1,2,0,0,0,0,7658e0c1931c,1.0,0,0
69,13,4.384615384615385,1,0,0,0,0,1,2,0,0,0,0,76c14b8fa6ad,1.0,0,0
102,12,7.583333333333333,1,0,0,0,0,0,0,0,0,0,0,76c97f7ea6fe,1.0,0,0
58,11,4.363636363636363,1,0,0,0,0,0,3,1,0,0,0,77b2db756c05,0.7,1,1
85,13,5.615384615384615,1,0,0,0,0,0,1,0,0,0,0,77d2cb6d1edd,1.0,0,0
47,7,5.857142857142857,1,0,0,0,0,0,1,0,0,0,0,78476fbfebc2,0.8,0,1
112,19,4.947368421052632,1,0,0,1,0,0,2,0,0,0,0,784857451c0e,0.85,0,1
72,11,5.636363636363637,1,0,0,0,0,0,1,0,0,0,0,78521a07fb4c,0.9,0,1
58,11,4.363636363636363,1,0,0,0,0,0,1,0,0,0,0,78567f6b62d8,1.0,0,0
81,13,5.3076923076923075,1,0,0,0,0,0,1,0,0,0,0,78729bd9d402,1.0,0,0
68,13,4.3076923076923075,1,0,0,0,0,1,1,0,0,0,0,78b956201de7,1.0,0,0
123,20,5.2,1,0,0,0,0,0,2,0,0,0,0,78f462136a19,1.0,0,0
81,14,4.857142857142857,1,0,0,0,0,0,1,0,0,0,0,7aec8a2aa4d6,1.0,0,0
59,9,5.666666666666667,1,0,0,0,0,0,0,0,0,0,0,7b01f693317a,1.0,0,0
67,13,4.230769230769231,1,0,0,0,0,0,1,0,0,0,0,7b0370051c76,0.85,0,1
55,11,4.090909090909091,1,0,0,0,0,0,1,0,0,0,0,7b337f400820,1.0,0,0
71,12,5.0,1,0,0,0,0,0,1,0,0,0,0,7b58b7b43d1b,0.9,0,1
60,10,5.1,1,0,0,0,0,0,1,0,0,0,0,7b802b667a1d,1.0,0,0
65,11,5.0,1,0,0,0,0,1,3,0,0,0,0,7b961b63f447,1.0,0,0
72,13,4.615384615384615,1,0,0,0,0,0,0,0,0,0,0,7c6a6246d370,1.0,0,0
88,15,4.933333333333334,1,0,0,0,0,0,1,0,0,0,0,7c6d53467857,1.0,0,0
126,20,5.35,1,0,0,1,0,0,1,0,0,0,0,7cd32441d6bf,1.0,0,0
71,12,5.0,1,0,0,0,0,1,2,0,0,0,0,7cf6a5c52d57,1.0,0,0
52,10,4.3,1,0,0,0,0,1,1,0,0,0,0,7d189790165e,1.0,0,0
54,9,5.111111111111111,1,0,0,0,0,0,1,0,0,0,0,7d4982bd5f31,0.7,1,1
105,19,4.578947368421052,1,0,0,0,1,0,1,0,0,0,0,7d9f14be2c43,1.0,0,0
74,11,5.818181818181818,1,0,0,0,0,0,1,0,0,0,0,7d9f863871ca,0.95,0,1
196,32,5.15625,1,0,0,0,0,0,0,0,0,0,0,7de442f27041,0.85,0,1
51,8,5.5,1,0,0,0,0,0,1,0,0,0,0,7deb474740a2,1.0,0,0
77,13,5.0,1,0,0,0,0,0,0,0,0,0,0,7df836d7c546,1.0,0,0
157,25,5.32,1,0,0,0,0,0,2,0,0,0,0,7eaadadfbd11,1.0,0,0
100,16,5.3125,1,0,0,0,0,1,1,0,0,0,0,7ef07d1f9773,0.75,1,1
68,11,5.2727272727272725,1,0,0,0,0,1,1,0,0,0,0,7f0f62e16b92,1.0,0,0
49,8,5.25,1,0,0,0,0,1,2,0,0,0,0,7f3a38c1f985,1.0,0,0
83,14,5.0,1,0,0,0,0,1,2,0,0,0,0,7fa7427b0320,1.0,0,0
71,12,5.0,1,0,0,0,0,0,1,0,0,0,0,7fdcd3737525,0.6,1,1
63,10,5.4,1,0,0,0,0,1,1,0,0,0,0,8139d9871d29,1.0,0,0
92,13,6.153846153846154,1,0,0,0,0,0,1,0,0,0,0,813b381a7193,1.0,0,0
57,11,4.2727272727272725,1,0,0,0,0,0,1,0,0,0,0,829afd5308c4,0.55,1,1
64,10,5.5,1,0,0,0,0,0,1,0,0,0,0,82b2d9cfe6cb,1.0,0,0
83,13,5.461538461538462,1,0,0,0,0,0,2,0,0,0,0,835aeedff405,1.0,0,0
105,14,6.571428571428571,1,0,0,0,0,0,0,0,0,0,0,8374a3137e79,0.9,0,1
59,12,4.0,1,0,0,0,0,0,0,0,0,0,0,841090a11ef0,1.0,0,0
80,12,5.75,1,0,0,0,0,0,0,0,0,0,0,842d8a2beace,1.0,0,0
78,12,5.583333333333333,1,0,0,0,0,0,1,0,0,0,0,8482c15e409d,1.0,0,0
79,12,5.666666666666667,1,0,0,0,0,0,1,0,0,0,0,84abaf184665,1.0,0,0
103,16,5.5,1,0,0,0,0,0,0,0,0,0,0,84cc79cc5f8f,0.5,1,1
56,9,5.333333333333333,1,0,0,0,0,0,1,0,0,0,0,84ef3ab59fd8,0.55,1,1
51,9,4.777777777777778,1,0,0,0,0,0,2,0,0,0,0,850a0a590a86,1.0,0,0
70,11,5.454545454545454,1,0,0,0,0,0,0,0,0,0,0,85185b8a74e7,1.0,0,0
88,14,5.357142857142857,1,0,0,0,0,0,2,0,0,0,0,85a001ab1685,1.0,0,0
120,20,5.05,1,0,0,0,1,0,0,0,0,0,0,85ce71585b54,1.0,0,0
55,8,6.0,1,0,0,0,0,0,2,0,0,0,0,861d1b8b4d4e,0.95,0,1
137,20,5.9,1,0,0,0,0,0,1,0,0,0,0,865e14f24f8b,0.4210526315789473,1,1
62,10,5.3,1,0,0,0,0,0,2,0,0,0,0,86e5726ba69a,1.0,0,0
76,9,7.555555555555555,1,0,0,0,0,0,1,0,0,0,0,877931d72997,1.0,0,0
36,7,4.285714285714286,1,0,0,0,0,0,1,0,0,0,0,87cd1905c748,0.95,0,1
72,11,5.636363636363637,1,0,0,0,0,0,0,0,0,0,0,87d25f712756,0.8,0,1
72,15,3.8666666666666667,1,0,0,0,0,0,1,0,0,0,0,882669e1e565,1.0,0,0
75,12,5.333333333333333,1,0,0,0,0,0,3,0,0,0,0,8884899fb62f,1.0,0,0
93,14,5.714285714285714,1,0,0,0,0,0,1,0,0,0,0,8896a6851c54,1.0,0,0
85,13,5.615384615384615,1,0,0,0,0,1,2,0,0,0,0,88c3be7ba19a,1.0,0,0
55,7,7.0,1,0,0,0,0,0,1,0,0,0,0,88ceea369535,1.0,0,0
56,11,4.181818181818182,1,0,0,0,0,0,2,0,0,0,0,89436da72c86,1.0,0,0
115,18,5.444444444444445,1,0,0,1,0,0,2,0,0,0,0,897efa785d6d,1.0,0,0
94,16,4.9375,1,0,0,1,0,0,1,0,0,0,0,898b3fc05067,1.0,0,0
92,17,4.470588235294118,1,0,0,0,0,1,1,0,0,0,0,8a64868aefd1,1.0,0,0
73,11,5.7272727272727275,1,0,0,0,0,0,1,0,0,0,0,8ad79e8069df,1.0,0,0
85,16,4.375,1,0,0,0,0,0,2,0,0,0,0,8aecad8b6160,1.0,0,0
73,11,5.7272727272727275,1,0,0,0,0,0,1,0,0,0,0,8b1424330b6e,1.0,0,0
38,9,3.3333333333333335,1,0,0,0,0,0,2,1,0,0,0,8b4f2bb49302,0.95,0,1
58,8,6.375,1,0,0,0,0,0,0,0,0,0,0,8b64cfdab4f9,1.0,0,0
109,18,5.111111111111111,1,0,0,0,0,0,2,0,0,0,0,8b8c003d73ed,0.95,0,1
72,12,5.083333333333333,1,0,0,0,0,0,1,0,0,0,0,8bf1776144b4,1.0,0,0
70,11,5.454545454545454,1,0,0,0,0,0,1,0,0,0,0,8c499b7a0652,1.0,0,0
63,10,5.4,1,0,0,0,0,1,0,0,0,0,0,8c51dab367e9,1.0,0,0
71,12,5.0,1,0,0,0,0,0,1,0,0,0,0,8c7fb8158503,1.0,0,0
51,9,4.777777777777778,1,0,0,0,0,0,1,0,0,0,0,8cccee8928ef,0.4,1,1
56,8,6.125,1,0,0,0,0,0,1,0,0,0,0,8d43b6509482,1.0,0,0
78,12,5.583333333333333,1,0,0,0,0,0,1,0,0,0,0,8d913950ef1e,1.0,0,0
62,12,4.25,1,0,0,0,0,0,1,0,0,0,0,8dbf374c67d5,0.6,1,1
56,10,4.7,1,0,0,0,0,0,1,0,0,0,0,8dcb36d98c4d,0.6,1,1
42,9,3.7777777777777777,1,0,0,0,0,1,2,0,0,0,0,8e02dac50e33,0.95,0,1
89,15,5.0,1,0,0,0,0,0,1,0,0,0,0,8e1d94293f65,0.5,1,1
91,16,4.75,1,0,0,0,0,0,2,0,0,0,0,8e340277e8ea,1.0,0,0
110,16,5.9375,1,0,0,0,1,0,0,0,0,0,0,8f1bbdbbc68c,0.7894736842105263,1,1
51,10,4.2,1,0,0,0,0,1,2,0,0,0,0,8f5ea1042ac3,1.0,0,0
69,12,4.833333333333333,1,0,0,0,0,1,1,0,0,0,0,9025958fee3e,1.0,0,0
86,14,5.214285714285714,1,0,0,0,0,0,1,0,0,0,0,9056cd9e83c6,0.6666666666666666,1,1
48,7,6.0,1,0,0,0,0,0,0,0,0,0,0,908731ca0b1b,1.0,0,0
103,14,6.428571428571429,1,0,0,0,1,1,0,0,0,0,0,911cdef4764c,1.0,0,0
47,8,5.0,1,0,0,0,0,0,1,0,0,0,0,9167d127d9e7,1.0,0,0
67,10,5.8,1,0,0,0,0,0,1,0,0,0,0,91872a250a11,1.0,0,0
37,7,4.428571428571429,1,0,0,0,0,1,2,0,0,0,0,91b78857676b,1.0,0,0
67,9,6.555555555555555,1,0,0,1,0,0,1,0,0,0,0,9207d1f13d8a,1.0,0,0
58,10,4.9,1,0,0,0,0,0,1,0,0,0,0,920da911d492,0.35,1,1
69,11,5.363636363636363,1,0,0,0,0,0,2,0,0,0,0,925254ae8332,1.0,0,0
86,13,5.6923076923076925,1,0,0,0,0,0,1,0,0,0,0,9273b62fe992,1.0,0,0
73,11,5.7272727272727275,1,0,0,0,0,0,1,0,0,0,0,929ec7ee5711,1.0,0,0
60,10,5.1,1,0,0,0,0,0,1,0,0,0,0,92ea674bfc18,1.0,0,0
85,12,6.166666666666667,1,0,0,0,0,1,0,0,0,0,0,933e5a3a0e8f,0.95,0,1
45,8,4.75,1,0,0,0,0,0,1,0,0,0,0,93fa15ccbf18,0.4,1,1
66,10,5.7,1,0,0,0,0,0,1,0,0,0,0,947e0ac7798e,1.0,0,0
88,16,4.5625,1,0,0,0,0,0,0,0,0,0,0,94b8ef77eca9,1.0,0,0
74,12,5.25,1,0,0,0,0,0,1,0,0,0,0,9505bf256996,0.95,0,1
38,7,4.571428571428571,1,0,0,0,0,0,1,0,0,0,0,954b052b9576,1.0,0,0
56,9,5.333333333333333,1,0,0,0,0,1,3,0,0,0,0,95a928673ec7,1.0,0,0
54,9,5.111111111111111,1,0,0,0,0,0,1,0,0,0,0,95cca9d1af03,1.0,0,0
173,27,5.444444444444445,1,0,0,1,0,0,1,0,0,0,0,95efb09a6283,0.8,0,1
81,12,5.833333333333333,1,0,0,0,0,2,2,0,0,0,0,96f5eb8216dc,1.0,0,0
59,11,4.454545454545454,1,0,0,0,0,0,1,0,0,0,0,9732a1bb4692,1.0,0,0
62,12,4.25,1,0,0,0,0,0,2,0,0,0,0,9765f5225af6,1.0,0,0
65,12,4.5,1,0,0,0,0,1,2,0,0,0,0,9816bee44359,1.0,0,0
92,14,5.642857142857143,1,0,0,0,0,0,2,0,0,0,0,9926538d2a17,1.0,0,0
61,13,3.769230769230769,1,0,0,0,0,1,2,0,0,0,0,99b0cb4658c0,1.0,0,0
68,11,5.2727272727272725,1,0,0,0,0,0,0,0,0,0,0,9a08e9c2a52a,0.9,0,1
98,18,4.5,4,0,0,0,0,0,1,1,0,0,0,9a0feea85140,0.6,1,1
68,11,5.2727272727272725,1,0,0,0,0,0,0,0,0,0,0,9a29a12fcab8,1.0,0,0
77,13,5.0,1,0,0,0,0,1,1,0,0,0,0,9a46ba52148a,1.0,0,0
107,16,5.75,1,0,0,0,0,1,2,0,0,0,0,9ad98b006187,1.0,0,0
44,8,4.625,1,0,0,0,0,0,1,0,0,0,0,9ae7c0de121b,0.6,1,1
84,13,5.538461538461538,1,0,0,0,0,0,2,0,0,0,0,9af04f3b5f9a,1.0,0,0
80,13,5.230769230769231,1,0,0,0,0,0,1,0,0,0,0,9af5dc34db42,0.75,1,1
94,15,5.333333333333333,1,0,0,0,0,0,2,0,0,0,0,9b17ea6a2029,1.0,0,0
71,11,5.545454545454546,1,0,0,0,0,0,1,0,0,0,0,9b3207cfc0a0,1.0,0,0
99,14,6.142857142857143,1,0,0,0,0,0,0,0,0,0,0,9b55bd76e47e,1.0,0,0
103,17,5.117647058823529,1,0,0,0,0,0,0,1,0,0,0,9b5b927b1fc6,1.0,0,0
67,12,4.666666666666667,1,0,0,0,0,0,1,0,0,0,0,9c63ce64ffbe,0.8,0,1
45,8,4.75,1,0,0,0,0,0,2,0,0,0,0,9cbbf9fa0441,0.85,0,1
56,9,5.333333333333333,1,0,0,0,0,0,1,0,0,0,0,9cf8d8101513,1.0,0,0
92,17,4.470588235294118,1,0,0,0,1,0,2,0,0,0,0,9db640dc489e,1.0,0,0
110,19,4.842105263157895,1,0,0,0,0,0,1,0,0,0,0,9db759ea6c2d,0.85,0,1
147,24,5.166666666666667,1,0,0,0,0,0,2,0,0,0,0,9dd868b1552f,0.75,1,1
80,13,5.230769230769231,1,0,0,0,0,0,0,0,0,0,0,9de355bf69f1,1.0,0,0
107,16,5.75,1,0,0,0,0,0,1,0,0,0,0,9deac80ddb6b,1.0,0,0
59,11,4.454545454545454,1,0,0,0,0,0,1,0,0,0,0,9e4bc1a266a3,1.0,0,0
77,12,5.5,1,0,0,0,0,1,2,0,0,0,0,9e9667c22ff6,1.0,0,0
67,14,3.857142857142857,1,0,0,0,0,0,1,0,0,0,0,9f043375fc37,1.0,0,0
109,15,6.333333333333333,1,0,0,1,0,0,1,0,0,0,0,9f0885816b55,1.0,0,0
130,18,6.277777777777778,1,0,0,0,0,0,1,0,0,0,0,9f18a6644738,1.0,0,0
120,24,4.041666666666667,1,0,0,1,0,1,4,1,0,0,0,9f29810a156a,1.0,0,0
82,12,5.916666666666667,1,0,0,0,0,0,0,0,0,0,0,9fd11dc51c6a,0.95,0,1
54,9,5.111111111111111,1,0,0,0,0,1,0,0,0,0,0,a020fd07264f,1.0,0,0
89,15,5.0,1,0,0,0,0,0,1,0,0,0,0,a0f011465795,1.0,0,0
44,7,5.428571428571429,1,0,0,0,0,0,1,0,0,0,0,a109f2c879e8,1.0,0,0
68,12,4.75,1,0,0,0,0,0,1,0,0,0,0,a19e98c65904,0.6,1,1
58,9,5.555555555555555,1,0,0,0,0,0,1,0,0,0,0,a1bf77186f39,1.0,0,0
80,13,5.230769230769231,1,0,0,0,0,1,0,0,0,0,0,a213ed2b770c,1.0,0,0
126,18,6.055555555555555,1,0,0,0,0,2,0,0,0,0,0,a25b1995ae98,1.0,0,0
74,13,4.769230769230769,1,0,0,0,0,1,2,0,0,0,0,a26abd190c35,1.0,0,0
59,10,5.0,1,0,0,0,0,0,0,0,0,0,0,a27553943339,1.0,0,0
71,11,5.545454545454546,1,0,0,0,0,0,1,0,0,0,0,a2b4ec187b40,0.8,0,1
67,12,4.666666666666667,1,0,0,0,0,0,1,0,0,0,0,a2b69dd84420,0.45,1,1
94,13,6.3076923076923075,1,0,0,0,0,0,0,0,0,0,0,a31748a0f92b,1.0,0,0
146,22,5.681818181818182,1,0,0,1,1,0,5,1,0,0,0,a3351d1dafd5,1.0,0,0
126,22,4.7727272727272725,1,0,0,0,0,0,1,2,0,0,0,a38b222f23e4,0.95,0,1
77,14,4.571428571428571,1,0,0,0,0,0,1,0,0,0,0,a39798f5cadf,1.0,0,0
100,16,5.3125,1,0,0,0,0,0,1,0,0,0,0,a3bc02f400e8,0.9,0,1
64,10,5.5,1,0,0,0,0,0,0,0,0,0,0,a419a8a2b408,0.75,1,1
96,13,6.461538461538462,1,0,0,0,0,0,0,0,0,0,0,a42590beb2bc,1.0,0,0
161,28,4.785714285714286,1,0,0,1,0,1,3,0,0,0,0,a4382f3f422b,1.0,0,0
56,10,4.7,1,0,0,0,0,1,2,0,0,0,0,a469e67a1343,1.0,0,0
56,10,4.7,1,0,0,0,0,1,0,0,0,0,0,a4b09e58e853,1.0,0,0
66,9,6.444444444444445,1,0,0,0,0,1,1,0,0,0,0,a521b2d04a56,1.0,0,0
56,9,5.333333333333333,1,0,0,0,0,0,0,0,0,0,0,a54b253ade5d,1.0,0,0
105,19,4.578947368421052,1,0,0,0,1,0,0,1,0,0,0,a794d31d989c,0.6,1,1
62,10,5.3,1,0,0,0,0,0,2,0,0,0,0,a7afff06fd44,1.0,0,0
38,9,3.3333333333333335,1,0,0,0,0,1,3,0,0,0,0,a7ce0cd3a0f7,1.0,0,0
34,8,3.375,1,0,0,0,0,0,1,0,0,0,0,a7f13b423bd4,1.0,0,0
93,16,4.875,1,0,0,0,0,0,2,0,0,0,0,a82749c648f3,0.9,0,1
46,8,4.875,1,0,0,0,0,0,1,0,0,0,0,a83cc781ddd0,1.0,0,0
81,14,4.857142857142857,1,0,0,0,0,0,1,1,0,0,0,a849cb792345,0.65,1,1
156,23,5.826086956521739,1,0,0,1,0,1,1,0,0,0,0,a84b8c5c5bd3,0.85,0,1
60,10,5.1,1,0,0,0,0,0,1,0,0,0,0,a9264519d7e4,0.4,1,1
82,14,4.928571428571429,1,0,0,0,0,1,1,0,0,0,0,a94eea0637e9,1.0,0,0
81,14,4.857142857142857,1,0,0,0,0,1,3,0,0,0,0,a9970f2de80d,1.0,0,0
48,9,4.444444444444445,1,0,0,0,0,0,1,0,0,0,0,a9cf68dcc715,0.9,0,1
50,7,6.285714285714286,1,0,0,0,0,0,1,0,0,0,0,a9f1ae3037c6,1.0,0,0
63,11,4.818181818181818,1,0,0,0,0,0,3,0,0,0,0,aa127cfae16a,1.0,0,0
75,13,4.846153846153846,1,0,0,0,0,1,3,0,0,0,0,aa45646f6d5f,1.0,0,0
91,16,4.75,1,0,0,0,0,0,1,0,0,0,0,aa631847d437,1.0,0,0
78,16,3.9375,1,0,0,0,0,0,1,0,0,0,0,aaf042898ebd,1.0,0,0
53,9,5.0,1,0,0,0,0,1,1,0,0,0,0,aafc69afc234,1.0,0,0
100,16,5.3125,1,0,0,1,0,1,0,0,0,0,0,ab1400cf1866,1.0,0,0
88,14,5.357142857142857,1,0,0,0,0,0,3,1,0,0,0,ab7549dd0b25,1.0,0,0
125,19,5.631578947368421,1,0,0,0,0,0,2,0,0,0,0,abb6b43734e8,0.9,0,1
41,8,4.25,1,0,0,0,0,0,1,1,0,0,0,abf65742772e,0.65,1,1
46,9,4.222222222222222,1,0,0,0,0,0,1,0,0,0,0,ac4cd46bcd6e,0.6,1,1
82,13,5.384615384615385,1,0,0,0,0,1,2,0,0,0,0,ace470e27d00,1.0,0,0
66,12,4.583333333333333,1,0,0,0,0,0,1,0,0,0,0,ad20470fdc46,0.8,0,1
86,12,6.25,1,0,0,0,0,0,0,0,0,0,0,ad615b726567,0.65,1,1
62,10,5.3,1,0,0,0,0,1,2,0,0,0,0,ad78f52e90f3,1.0,0,0
92,17,4.470588235294118,1,0,0,0,0,0,1,0,0,0,0,adc6a0dc36e4,0.65,1,1
58,9,5.555555555555555,1,0,0,0,0,0,1,0,0,0,0,af12a3eadec4,0.65,1,1
102,16,5.4375,1,0,0,1,0,0,1,0,0,0,0,af2bf1177cfd,1.0,0,0
92,16,4.8125,1,0,0,0,0,0,1,0,0,0,0,af8bc983fc5d,1.0,0,0
57,11,4.2727272727272725,1,0,0,0,0,0,1,0,0,0,0,afa5f54dc906,0.8,0,1
129,19,5.842105263157895,1,0,0,0,0,0,2,0,0,0,0,afde21553cf0,0.9,0,1
57,10,4.8,1,0,0,0,0,0,1,0,0,0,0,b0415724f69b,0.55,1,1
95,15,5.4,1,0,0,0,0,0,1,0,0,0,0,b061fce81dab,1.0,0,0
94,16,4.9375,1,0,0,0,0,0,1,0,0,0,0,b062fb385d25,1.0,0,0
63,10,5.4,1,0,0,0,0,0,1,0,0,0,0,b1290da6f23f,0.95,0,1
87,15,4.866666666666666,3,0,0,0,0,0,1,1,0,0,0,b18a72dfb2f8,0.6,1,1
79,10,7.0,1,0,0,0,0,0,0,0,0,0,0,b201df3620a3,1.0,0,0
36,5,6.4,1,0,0,0,0,0,1,0,0,0,0,b2215a1c2359,1.0,0,0
92,14,5.642857142857143,1,0,0,0,0,0,0,0,0,0,0,b24066ec9946,1.0,0,0
82,14,4.928571428571429,1,0,0,0,0,0,1,0,0,0,0,b25639218a09,1.0,0,0
105,18,4.888888888888889,1,0,0,1,0,0,1,0,0,0,0,b2641609479c,1.0,0,0
123,15,7.266666666666667,1,0,0,0,0,0,0,0,0,0,0,b2938cc45a60,1.0,0,0
136,24,4.708333333333333,1,0,0,0,0,0,2,0,0,0,0,b2ff8f108f9a,1.0,0,0
100,15,5.733333333333333,1,0,0,0,0,2,0,0,0,0,0,b3fc1dc8f34c,0.95,0,1
75,12,5.333333333333333,1,0,0,0,0,1,0,0,0,0,0,b406cf82c130,1.0,0,0
73,12,5.166666666666667,1,0,0,1,0,0,1,0,0,0,0,b4343d184b4d,0.55,1,1
57,9,5.444444444444445,1,0,0,0,0,1,1,0,0,0,0,b4419c945c40,1.0,0,0
65,12,4.5,1,0,0,0,0,1,2,0,0,0,0,b4967e90124f,0.95,0,1
69,10,6.0,1,0,0,0,0,0,0,0,0,0,0,b4ecd1d8f546,1.0,0,0
64,11,4.909090909090909,1,0,0,0,0,0,1,0,0,0,0,b50789ff9c8e,0.65,1,1
90,13,6.0,1,0,0,0,0,0,1,0,0,0,0,b523fb060f93,1.0,0,0
116,16,6.3125,1,0,0,0,0,0,0,0,0,0,0,b56999c29a7a,1.0,0,0
72,11,5.636363636363637,1,0,0,0,0,0,1,0,0,0,0,b655dc5bbb45,1.0,0,0
172,24,6.208333333333333,1,0,0,0,0,0,1,0,0,0,0,b677558d1b2f,0.6,1,1
73,11,5.7272727272727275,1,0,0,0,0,0,0,0,0,0,0,b68be3db06dc,1.0,0,0
130,20,5.55,1,0,0,0,1,0,1,1,0,0,0,b6a56e22ecef,1.0,0,0
68,12,4.75,1,0,0,0,0,0,1,0,0,0,0,b6c03aa55186,0.95,0,1
87,15,4.866666666666666,1,0,0,0,0,2,2,0,0,0,0,b75969bd308d,1.0,0,0
52,8,5.625,1,0,0,0,0,0,1,0,0,0,0,b791e52f555c,1.0,0,0
75,12,5.333333333333333,2,0,0,0,0,0,1,1,0,0,0,b89f2a608a83,0.9,0,1
80,17,3.764705882352941,1,0,0,0,0,1,1,0,0,0,0,b8cbe6318fd1,1.0,0,0
101,13,6.846153846153846,1,0,0,0,0,0,0,0,0,0,0,b8d9f2c3918b,1.0,0,0
75,12,5.333333333333333,1,0,0,0,0,1,2,0,0,0,0,b8f5436f2cd0,1.0,0,0
61,9,5.888888888888889,1,0,0,0,0,1,1,0,0,0,0,b9b5bcda35e2,1.0,0,0
80,12,5.75,1,0,0,0,0,0,0,0,0,0,0,ba2cadb82fd9,0.85,0,1
51,11,3.727272727272727,1,0,0,0,0,0,1,0,0,0,0,ba704b643115,1.0,0,0
64,11,4.909090909090909,1,0,0,0,0,0,2,0,0,0,0,baca68d5b630,1.0,0,0
92,14,5.642857142857143,1,0,0,0,0,0,1,0,0,0,0,bb04b5bf034e,1.0,0,0
65,10,5.6,1,0,0,0,0,0,1,0,0,0,0,bb6438b332e5,0.9,0,1
63,11,4.818181818181818,1,0,0,0,0,1,2,0,0,0,0,bbba447566e6,1.0,0,0
115,23,4.043478260869565,1,0,0,0,0,0,0,0,0,0,0,bbbe4811ab8c,1.0,0,0
63,9,6.111111111111111,1,0,0,0,0,0,1,0,0,0,0,bbead8a3ba00,1.0,0,0
47,8,5.0,1,0,0,0,0,1,1,0,0,0,0,bd4f46fbf5f8,1.0,0,0
69,11,5.363636363636363,1,0,0,0,0,1,0,0,0,0,0,be172af8fac6,1.0,0,0
49,8,5.25,1,0,0,0,0,0,0,1,0,0,0,be1def35452a,1.0,0,0
60,10,5.1,1,0,0,0,0,0,1,0,0,0,0,bea8b0ebb5cf,0.85,0,1
141,21,5.761904761904762,1,0,0,0,0,0,0,0,0,0,0,bf7681dd986f,0.6,1,1
48,9,4.444444444444445,1,0,0,0,0,0,1,0,0,0,0,bf7940d1d0ec,1.0,0,0
65,12,4.5,1,0,0,0,0,0,1,0,0,0,0,bfa3354e255e,0.85,0,1
55,10,4.6,1,0,0,0,0,1,2,0,0,0,0,c00da2752c40,1.0,0,0
99,18,4.555555555555555,1,0,0,0,0,0,0,0,0,0,0,c06a88a17a81,1.0,0,0
68,13,4.3076923076923075,1,0,0,0,0,0,1,0,0,0,0,c1f50acfd0d1,0.95,0,1
51,10,4.2,1,0,0,0,0,1,1,0,0,0,0,c2083291ef8c,1.0,0,0
84,13,5.538461538461538,1,0,0,0,0,0,1,0,0,0,0,c22562e1f12e,0.45,1,1
112,20,4.65,1,0,0,0,0,1,2,1,0,0,0,c23203d2170f,1.0,0,0
73,12,5.166666666666667,1,0,0,0,0,0,0,0,0,0,0,c25223254bf2,1.0,0,0
71,13,4.538461538461538,1,0,0,0,0,1,1,0,0,0,0,c37045805578,0.65,1,1
71,13,4.538461538461538,1,0,0,0,0,1,1,0,0,0,0,c3f0b6083b1c,1.0,0,0
46,8,4.875,1,0,0,0,0,0,1,0,0,0,0,c44de76861e4,0.75,1,1
150,23,5.565217391304348,1,0,0,1,0,0,0,0,0,0,0,c48c28786773,0.65,1,1
179,32,4.625,1,0,0,1,1,2,2,0,0,0,0,c4ce7c46141f,0.8,0,1
83,13,5.461538461538462,1,0,0,0,0,0,2,0,0,0,0,c4e519c4c847,1.0,0,0
42,8,4.375,1,0,0,0,0,1,2,0,0,0,0,c525966da136,1.0,0,0
121,21,4.809523809523809,1,0,0,1,0,0,2,2,0,0,0,c5443502cd54,1.0,0,0
71,13,4.538461538461538,1,0,0,0,0,1,1,0,0,0,0,c5515506a77d,1.0,0,0
180,27,5.703703703703703,1,0,0,1,0,0,1,0,0,0,0,c5e95fb598f0,0.55,1,1
100,15,5.733333333333333,1,0,0,0,0,0,0,0,0,0,0,c6775934a4dd,1.0,0,0
67,12,4.666666666666667,1,0,0,0,0,0,3,0,0,0,0,c6c435f12eb5,1.0,0,0
81,15,4.466666666666667,1,0,0,0,0,2,2,0,0,0,0,c7208a4e25d4,1.0,0,0
73,12,5.166666666666667,1,0,0,0,0,0,0,1,0,0,0,c7ac05c6dfff,0.75,1,1
65,11,5.0,1,0,0,0,0,0,1,0,0,0,0,c7ba1df1e80e,1.0,0,0
136,24,4.708333333333333,1,0,0,0,0,0,1,1,0,0,0,c815b5d8ad57,0.95,0,1
81,11,6.454545454545454,1,0,0,0,0,0,3,0,0,0,0,c836b13b9423,1.0,0,0
76,14,4.5,1,0,0,0,0,1,1,0,0,0,0,c9257c863da2,1.0,0,0
95,15,5.4,1,0,0,0,0,0,1,0,0,0,0,c94e81275343,1.0,0,0
169,25,5.8,1,0,0,1,0,0,1,0,0,0,0,c95cb3338730,0.95,0,1
67,10,5.8,1,0,0,0,0,0,1,0,0,0,0,c999e30a8a88,1.0,0,0
110,16,5.9375,1,0,0,0,0,0,1,0,0,0,0,c9b5b6240dfa,1.0,0,0
72,13,4.615384615384615,1,0,0,0,0,0,1,0,0,0,0,ca0ca2177dc0,0.8,0,1
102,16,5.4375,1,0,0,0,0,0,2,0,0,0,0,ca1b94e49427,1.0,0,0
173,27,5.444444444444445,1,0,0,0,0,0,1,0,0,0,0,ca509efc18a3,1.0,0,0
66,9,6.444444444444445,1,0,0,0,0,1,0,0,0,0,0,ca516c80d2bc,1.0,0,0
46,8,4.875,1,0,0,0,0,0,1,0,0,0,0,ca63ba780d77,1.0,0,0
63,10,5.4,1,0,0,0,0,1,1,0,0,0,0,cad4eb282bf9,1.0,0,0
70,10,6.1,1,0,0,0,0,0,1,0,0,0,0,cb10a8998ff0,1.0,0,0
73,12,5.166666666666667,1,0,0,0,0,1,0,0,0,0,0,cbd41b726985,1.0,0,0
87,14,5.285714285714286,1,0,0,0,0,1,0,0,0,0,0,cbd578af8157,1.0,0,0
84,14,5.071428571428571,1,0,0,0,0,1,1,0,0,0,0,cc2f29d39f53,0.95,0,1
56,9,5.333333333333333,1,0,0,0,0,1,2,0,0,0,0,cc8cac92fc75,1.0,0,0
82,12,5.916666666666667,1,0,0,0,0,0,1,0,0,0,0,cdc40948c391,1.0,0,0
87,16,4.5,1,0,0,0,0,0,1,0,0,0,0,ce15bea8d036,1.0,0,0
98,17,4.823529411764706,1,0,0,0,0,0,1,0,0,0,0,ce47e2d96ce7,1.0,0,0
88,16,4.5625,1,0,0,0,0,1,1,1,0,0,0,ce9c3a4bf908,0.95,0,1
112,17,5.647058823529412,1,0,0,0,0,1,1,1,0,0,0,cec5db336903,0.75,1,1
66,10,5.7,1,0,0,0,0,0,3,0,0,0,0,cf1b5365209a,1.0,0,0
105,20,4.3,1,0,0,1,0,0,3,0,0,0,0,cf6a9e0ecd01,1.0,0,0
69,14,4.0,1,0,0,0,0,0,1,0,0,0,0,cf846f43ca1a,1.0,0,0
94,14,5.785714285714286,1,0,0,0,0,0,2,0,0,0,0,cf97917638d5,1.0,0,0
51,11,3.727272727272727,1,0,0,0,0,0,1,0,0,0,0,d0c3e87a663b,0.4,1,1
74,13,4.769230769230769,1,0,0,0,0,0,2,0,0,0,0,d0cc4d0f8f4e,1.0,0,0
55,9,5.222222222222222,1,0,0,0,0,0,1,0,0,0,0,d0f84ff8d962,0.95,0,1
76,13,4.923076923076923,1,0,0,0,0,1,3,0,0,0,0,d23126849e21,1.0,0,0
46,8,4.875,1,0,0,0,0,0,2,0,0,0,0,d28a37c9363d,1.0,0,0
23,3,7.0,1,0,0,0,0,0,1,0,0,0,0,d28b5d9d6ea3,1.0,0,0
175,25,6.04,1,0,0,2,0,0,0,0,0,0,0,d2b20a4d25a5,1.0,0,0
84,13,5.538461538461538,1,0,0,0,0,2,0,0,0,0,0,d2bb0e5187e9,1.0,0,0
85,16,4.375,1,0,0,0,0,0,1,0,0,0,0,d2eb90ea420d,1.0,0,0
75,13,4.846153846153846,1,0,0,0,0,0,3,1,0,0,0,d3af4de0ba46,0.75,1,1
71,13,4.538461538461538,1,0,0,0,0,1,1,0,0,0,0,d3ca755b700a,1.0,0,0
57,10,4.8,1,0,0,0,0,0,1,0,0,0,0,d442083d3dec,0.75,1,1
78,13,5.076923076923077,1,0,0,0,0,1,2,0,0,0,0,d463bb519c73,1.0,0,0
66,9,6.444444444444445,1,0,0,0,0,0,2,0,0,0,0,d49e64dc3ca5,1.0,0,0
49,9,4.555555555555555,1,0,0,0,0,0,1,0,0,0,0,d56a4c8048a1,0.75,1,1
58,11,4.363636363636363,1,0,0,0,0,0,2,0,0,0,0,d590578a057d,1.0,0,0
44,8,4.625,1,0,0,0,0,0,1,0,0,0,0,d5c08b6d06bd,1.0,0,0
61,10,5.2,1,0,0,0,0,0,0,0,0,0,0,d5c4ad47e9f8,1.0,0,0
43,7,5.285714285714286,1,0,0,0,0,0,1,0,0,0,0,d66d52f9bd43,0.55,1,1
50,9,4.666666666666667,1,0,0,0,0,0,1,0,0,0,0,d67b2980bc17,0.7,1,1
60,10,5.1,1,0,0,0,0,0,0,0,0,0,0,d69c96aac2b2,1.0,0,0
143,26,4.538461538461538,1,0,0,0,0,0,1,2,0,0,0,d70dc2b77aff,1.0,0,0
64,11,4.909090909090909,1,0,0,0,0,1,0,0,0,0,0,d7737e2defbb,1.0,0,0
75,13,4.846153846153846,1,0,0,0,0,0,3,1,0,0,0,d7c9d237fb23,0.85,0,1
92,12,6.75,1,0,0,0,0,0,1,0,0,0,0,d8c27b673fe8,1.0,0,0
103,14,6.428571428571429,1,0,0,0,0,0,0,0,0,0,0,d9668218947d,1.0,0,0
85,15,4.733333333333333,1,0,0,0,0,1,0,0,0,0,0,d9a789621506,0.95,0,1
83,16,4.25,1,0,0,1,0,0,1,0,0,0,0,d9e684accf45,0.7,1,1
87,15,4.866666666666666,1,0,0,0,0,0,1,0,0,0,0,d9fa192cbe5e,1.0,0,0
66,11,5.090909090909091,1,0,0,0,0,1,1,0,0,0,0,da21d16d50b9,1.0,0,0
67,9,6.555555555555555,1,0,0,0,0,0,0,0,0,0,0,da53d085641e,1.0,0,0
83,16,4.25,1,0,0,0,0,0,3,0,0,0,0,dab5c275a0ca,1.0,0,0
74,13,4.769230769230769,1,0,0,0,0,0,2,0,0,0,0,db7bb26eb857,0.95,0,1
82,13,5.384615384615385,1,0,0,0,0,0,2,0,0,0,0,db8f128d398e,1.0,0,0
55,11,4.090909090909091,1,0,0,0,0,0,1,0,0,0,0,dba592fd486f,1.0,0,0
108,16,5.8125,1,0,0,0,0,0,0,1,0,0,0,dbb8891a47a4,1.0,0,0
138,21,5.619047619047619,1,0,0,0,0,0,0,1,0,0,0,dc299c441d55,0.95,0,1
80,14,4.785714285714286,1,0,0,0,0,0,1,0,0,0,0,dc83b827251e,0.5,1,1
74,11,5.818181818181818,1,0,0,0,0,0,1,0,0,0,0,dce485452bf7,1.0,0,0
67,9,6.555555555555555,1,0,0,0,0,0,0,0,0,0,0,dd52bb827f27,1.0,0,0
109,17,5.470588235294118,1,0,0,0,0,0,2,1,0,0,0,ddb320fced46,1.0,0,0
75,11,5.909090909090909,1,0,0,0,0,0,1,0,0,0,0,ddb41c753298,1.0,0,0
59,9,5.666666666666667,1,0,0,0,0,0,1,0,0,0,0,de5aae6df534,0.55,1,1
41,7,5.0,1,0,0,0,0,0,2,0,0,0,0,de9091c781f5,1.0,0,0
73,12,5.166666666666667,1,0,0,0,0,0,0,0,0,0,0,dea822b6bf47,1.0,0,0
85,13,5.615384615384615,1,0,0,0,0,0,0,0,0,0,0,debf2db126a9,1.0,0,0
41,8,4.25,1,0,0,0,0,0,2,0,0,0,0,dfa019010ed1,1.0,0,0
122,18,5.833333333333333,1,0,0,0,1,0,0,0,0,0,0,dfef6c3bbadd,1.0,0,0
65,10,5.6,1,0,0,0,0,0,1,0,0,0,0,e033693723d9,0.95,0,1
137,21,5.571428571428571,4,0,0,3,0,0,1,3,0,0,0,e09871be48d8,0.4,1,1
81,13,5.3076923076923075,1,0,0,0,0,1,1,0,0,0,0,e0b7523f0116,1.0,0,0
88,12,6.416666666666667,1,0,0,0,0,0,1,0,0,0,0,e12953b4c791,1.0,0,0
82,14,4.928571428571429,1,0,0,0,0,1,3,0,0,0,0,e1831b58c040,1.0,0,0
46,10,3.7,1,0,0,0,0,0,2,0,0,0,0,e1c14d34961c,1.0,0,0
109,14,6.857142857142857,1,0,0,0,0,0,1,0,0,0,0,e1f93cb624ea,1.0,0,0
70,10,6.1,1,0,0,0,0,0,0,0,0,0,0,e21092f44da4,1.0,0,0
85,14,5.142857142857143,1,0,0,0,0,1,1,0,0,0,0,e2640fc26687,1.0,0,0
157,29,4.448275862068965,1,0,0,1,0,0,2,0,0,0,0,e2c3e733ab0d,1.0,0,0
64,9,6.222222222222222,1,0,0,0,0,0,0,0,0,0,0,e3ca14aaa4e7,1.0,0,0
83,16,4.25,1,0,0,0,0,0,1,0,0,0,0,e4b5a5f56ca4,1.0,0,0
80,13,5.230769230769231,1,0,0,0,0,0,1,0,0,0,0,e4e0dbfa32d8,0.95,0,1
59,10,5.0,1,0,0,0,0,1,2,0,0,0,0,e5df811bbb13,1.0,0,0
144,21,5.904761904761905,1,0,0,2,0,1,0,0,0,0,0,e6256cefd3d1,0.8,0,1
40,7,4.857142857142857,1,0,0,0,0,0,1,0,0,0,0,e6c9cebb44fd,1.0,0,0
62,10,5.3,1,0,0,0,0,0,2,0,0,0,0,e73fcaae246f,1.0,0,0
78,14,4.642857142857143,1,0,0,0,0,0,1,0,0,0,0,e75c11a41bdf,0.9,0,1
84,13,5.538461538461538,1,0,0,0,0,1,0,0,0,0,0,e764ec6f53c9,0.95,0,1
66,11,5.090909090909091,1,0,0,0,0,0,1,0,0,0,0,e79a3292ad92,1.0,0,0
151,19,7.0,1,0,0,0,0,0,0,0,0,0,0,e7d99a4a055e,1.0,0,0
45,8,4.75,1,0,0,0,0,0,1,0,0,0,0,e8b01014fe9c,0.45,1,1
54,9,5.111111111111111,1,0,0,0,0,1,2,0,0,0,0,e9097fff48b4,1.0,0,0
81,14,4.857142857142857,1,0,0,0,0,0,1,0,0,0,0,e91ab4c13992,1.0,0,0
46,9,4.222222222222222,1,0,0,0,0,1,1,0,0,0,0,e93943c33f4a,1.0,0,0
73,10,6.4,1,0,0,0,0,2,0,0,0,0,0,e99437617707,1.0,0,0
85,15,4.733333333333333,1,0,0,0,0,0,1,0,0,0,0,ea0cdccd17d6,0.5,1,1
84,13,5.538461538461538,1,0,0,0,0,2,2,0,0,0,0,ea952bb49f3a,1.0,0,0
125,15,7.4,1,0,0,1,0,0,1,0,0,0,0,eaae9a8e9f7f,0.95,0,1
118,16,6.4375,1,0,0,1,0,0,1,0,0,0,0,eb155ea0663c,1.0,0,0
56,8,6.125,1,0,0,0,0,0,1,0,0,0,0,eb17fe38b52a,1.0,0,0
125,16,6.875,1,0,0,0,0,0,0,1,0,0,0,eb59909e5151,1.0,0,0
80,13,5.230769230769231,1,0,0,0,0,0,1,0,0,0,0,ec1f81f8fde7,1.0,0,0
117,18,5.555555555555555,1,0,0,1,0,0,0,0,0,0,0,eca5aeabb867,0.95,0,1
78,13,5.076923076923077,1,0,0,0,0,0,1,0,0,0,0,ecf56af33456,1.0,0,0
88,16,4.5625,1,0,0,0,0,1,0,0,0,0,0,ed305305a5d7,1.0,0,0
65,10,5.6,1,0,0,0,0,0,0,0,0,0,0,edc2ca3f50f2,0.95,0,1
84,15,4.666666666666667,1,0,0,0,0,1,1,0,0,0,0,ee6eccf79fc5,0.95,0,1
91,14,5.571428571428571,1,0,0,0,0,1,2,0,0,0,0,ee99722d608a,1.0,0,0
110,17,5.529411764705882,1,0,0,0,0,1,1,0,0,0,0,eed7611f88f5,1.0,0,0
45,8,4.75,1,0,0,0,0,0,1,0,0,0,0,efbc81bfbffc,0.8,0,1
55,10,4.6,1,0,0,0,0,0,1,0,0,0,0,eff0953c578d,1.0,0,0
119,17,6.0588235294117645,1,0,0,0,0,0,0,0,0,0,0,f074636b8032,1.0,0,0
60,9,5.777777777777778,1,0,0,0,0,0,1,0,0,0,0,f08db7f98a4c,1.0,0,0
50,11,3.6363636363636362,1,0,0,0,0,1,1,0,0,0,0,f0b2667ccce9,1.0,0,0
87,13,5.769230769230769,1,0,0,0,0,2,0,0,0,0,0,f0bd6a30a106,1.0,0,0
83,13,5.461538461538462,1,0,0,0,0,0,0,0,0,0,0,f0dc78efca04,1.0,0,0
97,17,4.764705882352941,1,0,0,0,0,1,0,0,0,0,0,f0f7f52fa531,1.0,0,0
60,9,5.777777777777778,1,0,0,0,0,0,1,0,0,0,0,f12773be7445,0.85,0,1
66,11,5.090909090909091,1,0,0,0,0,0,2,0,0,0,0,f14168a49ed9,1.0,0,0
97,16,5.125,1,0,0,0,0,0,1,0,0,0,0,f1513713d2ce,1.0,0,0
81,12,5.833333333333333,1,0,0,1,0,0,1,0,0,0,0,f225cba6881c,1.0,0,0
53,8,5.75,1,0,0,0,0,0,1,0,0,0,0,f25f102a9470,1.0,0,0
65,12,4.5,1,0,0,0,0,0,1,0,0,0,0,f2a08b4a745a,1.0,0,0
93,16,4.875,1,0,0,1,0,0,2,1,0,0,0,f2b33deff78a,1.0,0,0
118,15,6.933333333333334,1,0,0,0,0,0,2,0,0,0,0,f3b9f12429d4,1.0,0,0
64,9,6.222222222222222,1,0,0,0,0,0,1,0,0,0,0,f44822e40d80,0.8,0,1
52,10,4.3,1,0,0,0,0,1,0,0,0,0,0,f469eb0cd31f,1.0,0,0
57,9,5.444444444444445,1,0,0,0,0,0,3,0,0,0,0,f4b471496720,1.0,0,0
91,14,5.571428571428571,1,0,0,0,0,1,1,0,0,0,0,f4c61ce8f8d2,1.0,0,0
38,7,4.571428571428571,1,0,0,0,0,0,2,0,0,0,0,f4e22fc1e9c5,0.95,0,1
74,12,5.25,1,0,0,0,0,0,1,0,0,0,0,f4f9b82e7a68,0.75,1,1
84,12,6.083333333333333,1,0,0,0,0,1,1,0,0,0,0,f523d2f481e3,1.0,0,0
77,10,6.8,1,0,0,0,0,0,1,0,0,0,0,f535b224ac71,0.8,0,1
144,21,5.904761904761905,1,0,0,0,0,0,0,1,0,0,0,f537c89a9811,0.85,0,1
111,19,4.894736842105263,1,0,0,0,0,0,0,0,0,0,0,f547c3c766ed,0.6,1,1
60,10,5.1,1,0,0,0,0,0,1,0,0,0,0,f565e8cc74c4,0.35,1,1
60,9,5.777777777777778,1,0,0,0,0,0,0,0,0,0,0,f5b009f5b1af,1.0,0,0
76,13,4.923076923076923,1,0,0,0,0,2,0,0,0,0,0,f6156df8069b,1.0,0,0
71,10,6.2,1,0,0,0,0,0,1,0,0,0,0,f63804882703,1.0,0,0
110,18,5.166666666666667,1,0,0,0,0,0,1,0,0,0,0,f643c42d4d1a,0.95,0,1
63,12,4.333333333333333,1,0,0,0,0,1,2,0,0,0,0,f6d8bc5f5190,1.0,0,0
76,14,4.5,1,0,0,0,0,0,1,0,0,0,0,f6e4fc49427c,0.7,1,1
54,10,4.5,1,0,0,0,0,1,1,0,0,0,0,f7fa77af3a34,1.0,0,0
78,15,4.266666666666667,1,0,0,0,0,0,1,1,0,0,0,f7fefe493f5e,1.0,0,0
90,15,5.066666666666666,1,0,0,0,0,0,1,0,0,0,0,f873e9c773b4,1.0,0,0
89,14,5.428571428571429,1,0,0,0,0,0,1,1,0,0,0,f8bd8355c915,0.45,1,1
68,12,4.75,1,0,0,0,0,0,3,0,0,0,0,f8d3fd8e1055,1.0,0,0
67,13,4.230769230769231,1,0,0,0,0,0,1,0,0,0,0,f8d65f1ec5e7,0.8,0,1
71,15,3.8,1,0,0,0,0,1,1,0,0,0,0,f8dcc207069b,1.0,0,0
76,12,5.416666666666667,1,0,0,0,0,0,1,0,0,0,0,f8e8f2fa4a67,1.0,0,0
95,14,5.857142857142857,1,0,0,0,0,0,1,0,0,0,0,f92d95f47403,1.0,0,0
69,11,5.363636363636363,1,0,0,0,0,0,1,0,0,0,0,fa06f595bff2,1.0,0,0
196,26,6.576923076923077,1,0,0,0,1,1,0,0,0,0,0,fa117e32e41c,1.0,0,0
65,12,4.5,1,0,0,0,0,1,1,0,0,0,0,fb8d5678f5d5,0.65,1,1
53,10,4.4,1,0,0,0,0,1,3,0,0,0,0,fbc4ca06400d,1.0,0,0
93,11,7.545454545454546,1,0,0,0,0,0,1,0,0,0,0,fbd610f4a51b,1.0,0,0
81,13,5.3076923076923075,1,0,0,0,0,0,0,0,0,0,0,fc40155ed6bc,0.85,0,1
59,10,5.0,1,0,0,0,0,2,1,0,0,0,0,fc4b26bdc7ed,1.0,0,0
59,10,5.0,1,0,0,0,0,0,1,0,0,0,0,fc631d9d32e0,1.0,0,0
53,10,4.4,1,0,0,0,0,1,2,0,0,0,0,fc6b9c9b3f36,0.95,0,1
58,10,4.9,1,0,0,0,0,0,1,0,0,0,0,fc735a9a2ba7,1.0,0,0
88,15,4.933333333333334,1,0,0,0,0,0,1,0,0,0,0,fc7436187a50,1.0,0,0
99,16,5.25,1,0,0,0,0,0,0,0,0,0,0,fc9838f8860b,1.0,0,0
50,10,4.1,1,0,0,0,0,1,1,1,0,0,0,fcb2aa9f8f26,0.8,0,1
62,10,5.3,1,0,0,0,0,0,2,0,0,0,0,fcbc06986711,1.0,0,0
72,10,6.3,1,0,0,0,0,0,2,0,0,0,0,fcbe65891bde,1.0,0,0
112,18,5.277777777777778,1,0,0,0,0,0,2,0,0,0,0,fd607be17834,1.0,0,0
73,13,4.6923076923076925,1,0,0,0,0,0,1,0,0,0,0,fd674d0e488c,1.0,0,0
135,24,4.666666666666667,1,0,0,0,1,0,1,0,0,0,0,fd9fcad0b7d9,0.631578947368421,1,1
49,9,4.555555555555555,1,0,0,0,0,0,1,0,0,0,0,fdd487ee7d7b,0.5,1,1
82,13,5.384615384615385,1,0,0,0,0,0,2,0,0,0,0,fe081d7c5724,1.0,0,0
96,16,5.0625,1,0,0,0,0,0,1,0,0,0,0,fe16f8e77536,1.0,0,0
69,10,6.0,1,0,0,0,0,0,3,0,0,0,0,fe3c9673dec1,1.0,0,0
85,12,6.166666666666667,1,0,0,0,0,0,0,0,0,0,0,fe40a1308621,1.0,0,0
73,11,5.7272727272727275,1,0,0,0,0,0,2,0,0,0,0,feae6f6ec9db,1.0,0,0
59,13,3.6153846153846154,1,0,0,0,0,0,3,1,0,0,0,ff212005273a,1.0,0,0
115,20,4.8,1,0,0,0,0,0,1,1,0,0,0,ff658efbdab2,1.0,0,0
93,11,7.545454545454546,1,0,0,0,0,0,1,0,0,0,0,ff694eb7c945,1.0,0,0
